type_indicator,eval_type,3>=family_num>=2,family_num=1,family_num>3,all
least_misery,Fairness,13.2,14.2,14.6,13.2
variance,Fairness,1.6236363636363642,2.2967346938775512,1.0822222222222206,1.8361904761904764
jain'sfair,Fairness,0.5205082887113758,0.330456594707302,0.14221099760448613,
min_max_ratio,Fairness,0.7333333333333333,0.7888888888888889,0.8639053254437871,
sw,Satisfaction,176.00000000000003,113.7,46.3,336.00000000000006
"F(W,G)",Fairness,,,,0.10499999999999865
GINI_index,Fairness,,,,0.049943310657596274
