type_indicator,eval_type,3>=family_num>=2,family_num=1,family_num>3,all
least_misery,Fairness,11.7,13.0,14.2,11.7
variance,Fairness,3.347555555555556,4.5,0.5677551020408168,2.869763313609468
jain'sfair,Fairness,0.5686476434241836,0.15118854274324525,0.2685645550086523,
min_max_ratio,Fairness,0.6499999999999999,0.7222222222222222,0.8711656441717791,
sw,Satisfaction,227.5,64.0,105.90000000000002,397.4
"F(W,G)",Fairness,,,,0.09924812030075358
GINI_index,Fairness,,,,0.06338314428399972
