type_indicator,eval_type,3>=family_num>=2,family_num=1,family_num>3,all
least_misery,Fairness,0.0,0.0,0.0,0.0
variance,Fairness,57.61173333333331,56.4596694214876,49.19559999999999,56.114932718185315
jain'sfair,Fairness,0.3110301335061235,0.09582073771586254,0.11753402139281278,
min_max_ratio,Fairness,0.0,0.0,0.0,
sw,Satisfaction,241.2,73.9,85.80000000000001,400.9
"F(W,G)",Fairness,,,,-2.600731707317073
GINI_index,Fairness,,,,0.5000317912148645
