type_indicator,eval_type,3>=family_num>=2,family_num=1,family_num>3,all
least_misery,Fairness,0.0,0.0,0.0,0.0
variance,Fairness,56.00780612244898,57.505950413223154,42.4845,55.0607830070804
jain'sfair,Fairness,0.3183245539738375,0.14080316897453085,0.09611711993998538,
min_max_ratio,Fairness,0.0,0.0,0.0,
sw,Satisfaction,235.0,108.19999999999999,61.49999999999999,404.70000000000005
"F(W,G)",Fairness,,,,-2.6500000000000004
GINI_index,Fairness,,,,0.48628613787991104
