type_indicator,eval_type,3>=family_num>=2,family_num=1,family_num>3,all
least_misery,Fairness,13.9,15.4,7.2,7.2
variance,Fairness,1.9113580246913575,1.6899999999999995,17.768888888888892,6.643724489795917
jain'sfair,Fairness,0.6378826834705418,0.14199668034581425,0.1942722985893495,
min_max_ratio,Fairness,0.7722222222222223,0.8555555555555556,0.4337349397590361,
sw,Satisfaction,140.9,33.4,39.4,213.7
"F(W,G)",Fairness,,,,0.9750000000000014
GINI_index,Fairness,,,,0.08285981683267607
