type_indicator,eval_type,3>=family_num>=2,family_num=1,family_num>3,all
least_misery,Fairness,13.0,12.5,13.2,12.5
variance,Fairness,2.472222222222222,3.1104,0.18666666666666676,2.546377551020409
jain'sfair,Fairness,0.42401433691756274,0.3524353965200145,0.21407588005475672,
min_max_ratio,Fairness,0.7222222222222222,0.6944444444444444,0.9295774647887324,
sw,Satisfaction,91.0,76.3,41.4,208.7
"F(W,G)",Fairness,,,,-1.1545454545454543
GINI_index,Fairness,,,,0.0630433294544459
