type_indicator,eval_type,3>=family_num>=2,family_num=1,family_num>3,all
least_misery,Fairness,0.0,0.0,10.4,0.0
variance,Fairness,56.521066666666684,57.76222222222222,3.841874999999998,55.602335999999994
jain'sfair,Fairness,0.23630477525077392,0.15985199460396993,0.15614529606346125,
min_max_ratio,Fairness,0.0,0.0,0.6624203821656052,
sw,Satisfaction,90.89999999999999,64.4,49.900000000000006,205.2
"F(W,G)",Fairness,,,,2.377272727272726
GINI_index,Fairness,,,,0.4857699805068225
