type_indicator,eval_type,3>=family_num>=2,family_num=1,family_num>3,all
least_misery,Fairness,0.0,0.0,0.0,0.0
variance,Fairness,60.498488888888915,50.684132231404966,52.8856,59.352533640907346
jain'sfair,Fairness,0.2916592452716318,0.15489163137120085,0.09678769916591849,
min_max_ratio,Fairness,0.0,0.0,0.0,
sw,Satisfaction,231.4,125.0,71.8,428.2
"F(W,G)",Fairness,,,,0.8756097560975586
GINI_index,Fairness,,,,0.4839776172028829
