type_indicator,eval_type,3>=family_num>=2,family_num=1,family_num>3,all
least_misery,Fairness,0.0,0.0,0.0,0.0
variance,Fairness,54.614488888888886,63.94181818181819,43.432399999999994,55.59680123029605
jain'sfair,Fairness,0.28862167729848254,0.11691671948573694,0.13620500366968125,
min_max_ratio,Fairness,0.0,0.0,0.0,
sw,Satisfaction,217.6,95.7,99.39999999999999,412.70000000000005
"F(W,G)",Fairness,,,,-1.2341463414634148
GINI_index,Fairness,,,,0.48888952237061534
