type_indicator,eval_type,3>=family_num>=2,family_num=1,family_num>3,all
least_misery,Fairness,11.4,15.0,9.4,9.4
variance,Fairness,2.594117647058824,1.5,7.496874999999998,4.080255999999999
jain'sfair,Fairness,0.6723505268769753,0.15906796116504854,0.15307697857297448,
min_max_ratio,Fairness,0.6477272727272727,0.8333333333333334,0.5802469135802469,
sw,Satisfaction,256.7,64.0,51.49999999999999,372.2
"F(W,G)",Fairness,,,,-1.2952380952380942
GINI_index,Fairness,,,,0.07374529822675957
