type_indicator,eval_type,3>=family_num>=2,family_num=1,family_num>3,all
least_misery,Fairness,10.4,12.0,9.3,9.3
variance,Fairness,4.238888888888889,2.728395061728395,4.864999999999998,4.4644571428571425
jain'sfair,Fairness,0.5044788524814917,0.2543355721748519,0.22283732690972508,
min_max_ratio,Fairness,0.5777777777777778,0.6666666666666666,0.5740740740740742,
sw,Satisfaction,265.8,141.5,110.0,517.3
"F(W,G)",Fairness,,,,-3.4959770114942508
GINI_index,Fairness,,,,0.07872193532352045
