type_indicator,eval_type,3>=family_num>=2,family_num=1,family_num>3,all
least_misery,Fairness,12.2,16.0,11.4,11.4
variance,Fairness,2.6843359374999998,0.43039999999999967,2.143333333333333,2.9614266117969814
jain'sfair,Fairness,0.585781100311884,0.18490119647400038,0.21978409491633397,
min_max_ratio,Fairness,0.6777777777777777,0.903954802259887,0.7037037037037037,
sw,Satisfaction,243.1,83.7,83.4,410.2
"F(W,G)",Fairness,,,,0.9738095238095248
GINI_index,Fairness,,,,0.06527980930711308
