type_indicator,eval_type,3>=family_num>=2,family_num=1,family_num>3,all
least_misery,Fairness,0.0,0.0,0.0,0.0
variance,Fairness,59.722722222222195,52.65867768595042,55.2544,60.29384851980008
jain'sfair,Fairness,0.2898481091487299,0.15603448994152594,0.0970672813649513,
min_max_ratio,Fairness,0.0,0.0,0.0,
sw,Satisfaction,228.5,129.1,73.6,431.2
"F(W,G)",Fairness,,,,-3.2526829268292676
GINI_index,Fairness,,,,0.4847029720979301
