type_indicator,eval_type,3>=family_num>=2,family_num=1,family_num>3,all
least_misery,Fairness,0.0,0.0,0.0,0.0
variance,Fairness,54.265433333333355,58.243801652892564,18.6624,51.89907727797001
jain'sfair,Fairness,0.23318974889552807,0.0974307808940065,0.0196078431372549,
min_max_ratio,Fairness,0.0,0.0,0.0,
sw,Satisfaction,179.1,76.2,14.4,269.7
"F(W,G)",Fairness,,,,-3.0080487804878047
GINI_index,Fairness,,,,0.6649363490297862
