type_indicator,eval_type,3>=family_num>=2,family_num=1,family_num>3,all
least_misery,Fairness,11.9,15.0,14.4,11.9
variance,Fairness,4.202499999999999,0.6976000000000008,1.5624999999999978,2.1558024691358026
jain'sfair,Fairness,0.21752471014310504,0.5539716402877566,0.22081352707962845,
min_max_ratio,Fairness,0.74375,0.8771929824561403,0.8520710059171599,
sw,Satisfaction,27.9,78.1,31.299999999999997,137.3
"F(W,G)",Fairness,,,,-0.07142857142857295
GINI_index,Fairness,,,,0.0602897143319574
