type_indicator,eval_type,3>=family_num>=2,family_num=1,family_num>3,all
least_misery,Fairness,11.5,13.4,10.8,10.8
variance,Fairness,2.415206611570248,2.1338775510204075,6.326666666666662,3.4095238095238094
jain'sfair,Fairness,0.5184916680132357,0.3306913120556624,0.13845125317152096,
min_max_ratio,Fairness,0.6764705882352942,0.7444444444444445,0.6390532544378699,
sw,Satisfaction,168.79999999999998,114.4,42.3,325.5
"F(W,G)",Fairness,,,,-0.3266666666666662
GINI_index,Fairness,,,,0.06513056835637476
