,large_house,middle_house,small_house,utility
least_misery,7.0,7.0,6.0,
variance,0.1728395061728395,0.0,0.18181818181818182,
jain'sfair,0.32036700030330606,0.2857142857142857,0.3914048059149723,
min_max_ratio,0.875,1.0,0.75,
sw,7.222222222222222,7.0,7.0,
"F(W,G)",,,,0.20833333333333304
SW,,,,198.0
GINI_index,,,,0.019480519480519543
