type_indicator,eval_type,3>=family_num>=2,family_num=1,family_num>3,all
least_misery,Fairness,11.6,14.5,14.8,11.6
variance,Fairness,3.556666666666667,0.21687500000000023,0.656874999999999,1.9595918367346938
jain'sfair,Fairness,0.42144215735622303,0.2854418822997442,0.2849377356064849,
min_max_ratio,Fairness,0.7160493827160493,0.9177215189873418,0.8757396449704143,
sw,Satisfaction,87.0,60.3,62.099999999999994,209.39999999999998
"F(W,G)",Fairness,,,,-0.49230769230769056
GINI_index,Fairness,,,,0.0515759312320917
