type_indicator,eval_type,3>=family_num>=2,family_num=1,family_num>3,all
least_misery,Fairness,12.9,13.5,9.4,9.4
variance,Fairness,2.9962500000000007,0.725833333333333,5.712222222222221,3.4766709183673474
jain'sfair,Fairness,0.564389848911193,0.21357319011224776,0.20818925239186223,
min_max_ratio,Fairness,0.7166666666666667,0.84375,0.5802469135802469,
sw,Satisfaction,248.0,88.5,83.8,420.29999999999995
"F(W,G)",Fairness,,,,-1.633333333333331
GINI_index,Fairness,,,,0.0690918051731757
