type_indicator,eval_type,3>=family_num>=2,family_num=1,family_num>3,all
least_misery,Fairness,11.6,15.0,11.9,11.6
variance,Fairness,3.8068750000000002,1.1180555555555551,2.030399999999999,3.4935734072022164
jain'sfair,Fairness,0.4136399731046212,0.314526034536933,0.2606270557457674,
min_max_ratio,Fairness,0.6444444444444444,0.8333333333333334,0.7345679012345679,
sw,Satisfaction,116.6,100.1,72.30000000000001,288.99999999999994
"F(W,G)",Fairness,,,,1.1528571428571421
GINI_index,Fairness,,,,0.06978692405754883
