type_indicator,eval_type,3>=family_num>=2,family_num=1,family_num>3,all
least_misery,Fairness,11.7,11.5,13.8,11.5
variance,Fairness,1.9693750000000008,5.057600000000001,0.1966666666666664,2.2454595336076824
jain'sfair,Fairness,0.5875013632893444,0.18099472679662926,0.22200870707531298,
min_max_ratio,Fairness,0.6685714285714285,0.6388888888888888,0.9078947368421053,
sw,Satisfaction,241.2,73.9,85.80000000000001,400.9
"F(W,G)",Fairness,,,,-0.49673913043477924
GINI_index,Fairness,,,,0.056678029988082246
