type_indicator,eval_type,3>=family_num>=2,family_num=1,family_num>3,all
least_misery,Fairness,0.0,0.0,0.0,0.0
variance,Fairness,60.33689999999999,60.91900826446281,37.5236,61.53188773548634
jain'sfair,Fairness,0.2147462105994888,0.09779996302458865,0.15565311859123113,
min_max_ratio,Fairness,0.0,0.0,0.0,
sw,Satisfaction,176.7,78.2,120.19999999999999,375.09999999999997
"F(W,G)",Fairness,,,,-1.175365853658537
GINI_index,Fairness,,,,0.5482668673974522
