type_indicator,eval_type,3>=family_num>=2,family_num=1,family_num>3,all
least_misery,Fairness,13.1,15.0,11.8,11.8
variance,Fairness,1.109155555555556,1.4400000000000002,1.8273437499999996,2.1183673469387756
jain'sfair,Fairness,0.5332981635690294,0.17764311500773594,0.28312574867264156,
min_max_ratio,Fairness,0.7705882352941176,0.8333333333333334,0.7564102564102565,
sw,Satisfaction,234.69999999999996,83.0,113.1,430.80000000000007
"F(W,G)",Fairness,,,,0.7999999999999989
GINI_index,Fairness,,,,0.05262634301631508
