type_indicator,eval_type,3>=family_num>=2,family_num=1,family_num>3,all
least_misery,Fairness,12.9,14.5,7.4,7.4
variance,Fairness,2.4488888888888893,0.6013888888888891,8.30333333333333,3.9782990397805214
jain'sfair,Fairness,0.5496778460488138,0.2216870442180629,0.21253892173669672,
min_max_ratio,Fairness,0.7166666666666667,0.8529411764705882,0.451219512195122,
sw,Satisfaction,227.0,94.7,81.00000000000001,402.7
"F(W,G)",Fairness,,,,-1.9543478260869538
GINI_index,Fairness,,,,0.06772802104314402
