type_indicator,eval_type,3>=family_num>=2,family_num=1,family_num>3,all
least_misery,Fairness,11.7,13.8,8.0,8.0
variance,Fairness,2.253055555555556,1.0784999999999996,8.090000000000002,4.062736686390533
jain'sfair,Fairness,0.4573136303025251,0.382971286128626,0.14627273663418236,
min_max_ratio,Fairness,0.6499999999999999,0.7666666666666667,0.5194805194805194,
sw,Satisfaction,187.39999999999998,158.5,49.99999999999999,395.90000000000003
"F(W,G)",Fairness,,,,-0.5202898550724662
GINI_index,Fairness,,,,0.06473079837565843
