,large_house,middle_house,small_house,utility
least_misery,7.0,7.0,6.0,
variance,0.09876543209876544,0.0,0.18181818181818182,
jain'sfair,0.3208020050125313,0.2857142857142857,0.3914048059149723,
min_max_ratio,0.875,1.0,0.75,
sw,7.111111111111111,7.0,7.0,
"F(W,G)",,,,-0.04166666666666696
SW,,,,197.0
GINI_index,,,,0.015409717186366856
