,large_house,middle_house,small_house,utility
least_misery,7.0,7.0,0.0,
variance,0.09876543209876544,0.0,4.231404958677686,
jain'sfair,0.3208020050125313,0.2857142857142857,0.3556910569105691,
min_max_ratio,0.875,1.0,0.0,
sw,7.111111111111111,7.0,6.363636363636363,
"F(W,G)",,,,0.25
SW,,,,190.0
GINI_index,,,,0.04999999999999993
