type_indicator,eval_type,3>=family_num>=2,family_num=1,family_num>3,all
least_misery,Fairness,12.4,15.8,12.5,12.4
variance,Fairness,1.8269444444444447,0.6295999999999999,2.3959999999999986,2.0946301020408162
jain'sfair,Fairness,0.6377805614608286,0.17817016737741398,0.17668987769605193,
min_max_ratio,Fairness,0.7294117647058824,0.8777777777777778,0.7396449704142013,
sw,Satisfaction,272.7,83.60000000000001,75.0,431.29999999999995
"F(W,G)",Fairness,,,,-1.3106666666666662
GINI_index,Fairness,,,,0.05277234937564146
