type_indicator,eval_type,3>=family_num>=2,family_num=1,family_num>3,all
least_misery,Fairness,11.5,15.0,11.8,11.5
variance,Fairness,4.8275,0.2222222222222222,2.4095999999999984,3.2681249999999995
jain'sfair,Fairness,0.48976650025967966,0.18732294617563738,0.3090630249032353,
min_max_ratio,Fairness,0.6534090909090908,0.9375,0.7195121951219513,
sw,Satisfaction,121.6,46.0,73.60000000000001,241.2
"F(W,G)",Fairness,,,,-1.4871794871794854
GINI_index,Fairness,,,,0.06620543117744604
