type_indicator,eval_type,3>=family_num>=2,family_num=1,family_num>3,all
least_misery,Fairness,10.6,13.4,5.8,5.8
variance,Fairness,3.2985416666666674,1.7505,14.524999999999999,6.222366863905327
jain'sfair,Fairness,0.45550075034441084,0.38195395738493226,0.13996094935604678,
min_max_ratio,Fairness,0.5888888888888889,0.7444444444444445,0.3694267515923567,
sw,Satisfaction,189.29999999999998,158.5,48.400000000000006,396.2
"F(W,G)",Fairness,,,,-0.19420289855072603
GINI_index,Fairness,,,,0.07740845726711476
