type_indicator,eval_type,3>=family_num>=2,family_num=1,family_num>3,all
least_misery,Fairness,11.6,14.6,14.2,11.6
variance,Fairness,2.846115702479339,1.3856,1.2199999999999993,2.245540166204986
jain'sfair,Fairness,0.5721297202186684,0.261727024285143,0.15709699145366213,
min_max_ratio,Fairness,0.6444444444444444,0.8111111111111111,0.8402366863905326,
sw,Satisfaction,170.0,79.6,46.5,296.09999999999997
"F(W,G)",Fairness,,,,-2.5145833333333343
GINI_index,Fairness,,,,0.05424909792210997
