type_indicator,eval_type,3>=family_num>=2,family_num=1,family_num>3,all
least_misery,Fairness,0.0,0.0,0.0,0.0
variance,Fairness,61.75912222222224,68.97520661157024,33.4409,59.77425605536331
jain'sfair,Fairness,0.2927911486261338,0.09752955333758052,0.15544158750654832,
min_max_ratio,Fairness,0.0,0.0,0.0,
sw,Satisfaction,234.7,83.0,113.1,430.8
"F(W,G)",Fairness,,,,-4.4992682926829275
GINI_index,Fairness,,,,0.47933620987856596
