type_indicator,eval_type,3>=family_num>=2,family_num=1,family_num>3,all
least_misery,Fairness,0.0,0.0,0.0,0.0
variance,Fairness,61.98672222222222,70.5495867768595,32.62,59.72685890042292
jain'sfair,Fairness,0.29199947898056694,0.09760348583877995,0.15444271706860066,
min_max_ratio,Fairness,0.0,0.0,0.0,
sw,Satisfaction,234.5,84.0,110.0,428.5
"F(W,G)",Fairness,,,,-4.5302439024390235
GINI_index,Fairness,,,,0.48558812089596626
