type_indicator,eval_type,3>=family_num>=2,family_num=1,family_num>3,all
least_misery,Fairness,11.8,15.0,11.9,11.8
variance,Fairness,2.6182222222222222,1.2142857142857142,2.7879999999999976,2.683209876543209
jain'sfair,Fairness,0.5495918327266351,0.25810804927952635,0.1827943489825054,
min_max_ratio,Fairness,0.6742857142857144,0.8333333333333334,0.7041420118343196,
sw,Satisfaction,233.0,115.5,73.0,421.49999999999994
"F(W,G)",Fairness,,,,0.03545454545454518
GINI_index,Fairness,,,,0.05911866789684106
