type_indicator,eval_type,3>=family_num>=2,family_num=1,family_num>3,all
least_misery,Fairness,11.2,14.5,8.0,8.0
variance,Fairness,3.224023668639054,1.1155102040816327,4.130612244897959,4.927764060356653
jain'sfair,Fairness,0.47435947207252366,0.2581502784625217,0.252290368607489,
min_max_ratio,Fairness,0.64,0.8055555555555556,0.547945205479452,
sw,Satisfaction,190.5,112.80000000000001,85.60000000000001,388.9
"F(W,G)",Fairness,,,,-1.4717391304347807
GINI_index,Fairness,,,,0.0856927897298172
