type_indicator,eval_type,3>=family_num>=2,family_num=1,family_num>3,all
least_misery,Fairness,9.8,13.2,11.8,9.8
variance,Fairness,4.331822222222221,1.8768749999999996,4.131999999999996,3.7886096938775506
jain'sfair,Fairness,0.5255331848358777,0.28350660979493536,0.1749856290318549,
min_max_ratio,Fairness,0.5568181818181818,0.7457627118644068,0.698224852071006,
sw,Satisfaction,224.3,124.2,70.99999999999999,419.5
"F(W,G)",Fairness,,,,-1.9041666666666668
GINI_index,Fairness,,,,0.07140303081900201
