type_indicator,eval_type,3>=family_num>=2,family_num=1,family_num>3,all
least_misery,Fairness,11.8,12.5,13.4,11.8
variance,Fairness,2.713333333333333,5.0555555555555545,1.6168749999999985,3.0723437499999995
jain'sfair,Fairness,0.5566006132914165,0.18346774193548387,0.24823386929403926,
min_max_ratio,Fairness,0.6555555555555556,0.6944444444444444,0.7928994082840237,
sw,Satisfaction,144.0,45.5,60.3,249.8
"F(W,G)",Fairness,,,,-2.359999999999996
GINI_index,Fairness,,,,0.06480184147317836
