type_indicator,eval_type,3>=family_num>=2,family_num=1,family_num>3,all
least_misery,Fairness,12.2,16.0,10.2,10.2
variance,Fairness,1.8074238227146815,0.22222222222222224,6.153599999999998,3.8797805212620036
jain'sfair,Fairness,0.6983340110463515,0.11101863411476395,0.1781467206904503,
min_max_ratio,Fairness,0.6777777777777777,0.9411764705882353,0.6219512195121951,
sw,Satisfaction,291.29999999999995,49.0,62.4,402.69999999999993
"F(W,G)",Fairness,,,,-0.38636363636363313
GINI_index,Fairness,,,,0.07002731561956776
