,large_house,middle_house,small_house,utility
least_misery,7.0,7.0,6.0,
variance,0.1728395061728395,0.0,0.08264462809917354,
jain'sfair,0.32036700030330606,0.2857142857142857,0.3921781640412819,
min_max_ratio,0.875,1.0,0.8571428571428571,
sw,7.222222222222222,7.0,6.909090909090909,
"F(W,G)",,,,-0.05555555555555536
SW,,,,197.0
GINI_index,,,,0.015409717186366856
