,large_house,middle_house,small_house,utility
least_misery,7.0,7.0,0.0,
variance,0.1728395061728395,0.0,4.016528925619835,
jain'sfair,0.32036700030330606,0.2857142857142857,0.3564690026954178,
min_max_ratio,0.875,1.0,0.0,
sw,7.222222222222222,7.0,6.2727272727272725,
"F(W,G)",,,,0.33333333333333304
SW,,,,190.0
GINI_index,,,,0.04999999999999993
