type_indicator,eval_type,3>=family_num>=2,family_num=1,family_num>3,all
least_misery,Fairness,14.0,15.5,13.2,13.2
variance,Fairness,1.1899555555555554,0.795,0.5075000000000001,1.6734215500945182
jain'sfair,Fairness,0.6492325837414822,0.17342454958328246,0.17347947826941273,
min_max_ratio,Fairness,0.7777777777777778,0.8611111111111112,0.868421052631579,
sw,Satisfaction,243.10000000000002,67.2,57.0,367.29999999999995
"F(W,G)",Fairness,,,,-1.519999999999996
GINI_index,Fairness,,,,0.04739639437019838
