type_indicator,eval_type,3>=family_num>=2,family_num=1,family_num>3,all
least_misery,Fairness,12.4,14.0,10.8,10.8
variance,Fairness,2.0307266435986158,1.5069387755102042,6.228888888888885,2.6522085048010973
jain'sfair,Fairness,0.6243163269260089,0.25772028725254315,0.10767290829885011,
min_max_ratio,Fairness,0.7085714285714286,0.7777777777777778,0.6390532544378699,
sw,Satisfaction,262.6,111.2,41.9,415.7
"F(W,G)",Fairness,,,,0.033695652173912904
GINI_index,Fairness,,,,0.05892782366200666
