type_indicator,eval_type,3>=family_num>=2,family_num=1,family_num>3,all
least_misery,Fairness,0.0,0.0,0.0,0.0
variance,Fairness,57.75780718336485,41.2025,37.75111111111111,52.74467687074831
jain'sfair,Fairness,0.30419318118081373,0.18934324879162748,0.16471485375020428,
min_max_ratio,Fairness,0.0,0.0,0.0,
sw,Satisfaction,195.4,126.5,100.8,422.70000000000005
"F(W,G)",Fairness,,,,3.858088235294119
GINI_index,Fairness,,,,0.3772854777113117
