type_indicator,eval_type,3>=family_num>=2,family_num=1,family_num>3,all
least_misery,Fairness,11.6,15.0,9.8,9.8
variance,Fairness,3.069438775510204,1.3110204081632655,3.9595918367346923,3.727091836734694
jain'sfair,Fairness,0.4931490766211114,0.24879567583132867,0.244938765373872,
min_max_ratio,Fairness,0.6628571428571428,0.8333333333333334,0.6049382716049383,
sw,Satisfaction,208.1,115.2,96.9,420.20000000000005
"F(W,G)",Fairness,,,,-1.615652173913043
GINI_index,Fairness,,,,0.07115659209900038
