type_indicator,eval_type,3>=family_num>=2,family_num=1,family_num>3,all
least_misery,Fairness,13.1,15.0,12.5,12.5
variance,Fairness,2.342222222222222,0.6875,1.3799999999999997,1.8410937499999998
jain'sfair,Fairness,0.3713483418561787,0.24935080264400378,0.372683423608935,
min_max_ratio,Fairness,0.7528735632183908,0.8823529411764706,0.7716049382716049,
sw,Satisfaction,92.6,65.0,89.4,247.0
"F(W,G)",Fairness,,,,-0.1418181818181825
GINI_index,Fairness,,,,0.052201417004048456
