type_indicator,eval_type,3>=family_num>=2,family_num=1,family_num>3,all
least_misery,Fairness,0.0,0.0,0.0,0.0
variance,Fairness,53.05977315689981,54.8769,46.96444444444444,52.6580045351474
jain'sfair,Fairness,0.3511721743083848,0.1657242610239436,0.13957233240985478,
min_max_ratio,Fairness,0.0,0.0,0.0,
sw,Satisfaction,224.0,112.1,84.3,420.40000000000003
"F(W,G)",Fairness,,,,-4.119117647058824
GINI_index,Fairness,,,,0.38217570567713277
