type_indicator,eval_type,3>=family_num>=2,family_num=1,family_num>3,all
least_misery,Fairness,14.6,14.6,13.2,13.2
variance,Fairness,0.9485937500000001,0.3616000000000001,2.442222222222221,1.3873437500000003
jain'sfair,Fairness,0.4982184778270772,0.31203157126749353,0.18542324902870794,
min_max_ratio,Fairness,0.8111111111111111,0.9125,0.7810650887573964,
sw,Satisfaction,130.3,77.6,44.3,252.2
"F(W,G)",Fairness,,,,-1.8499999999999979
GINI_index,Fairness,,,,0.044508326724821634
