type_indicator,eval_type,3>=family_num>=2,family_num=1,family_num>3,all
least_misery,Fairness,11.7,13.8,11.8,11.7
variance,Fairness,3.6496000000000004,1.8013888888888887,1.728888888888888,3.2298765432098766
jain'sfair,Fairness,0.5474294712167039,0.22054341559615234,0.22029738489324327,
min_max_ratio,Fairness,0.6499999999999999,0.7666666666666667,0.7283950617283952,
sw,Satisfaction,235.20000000000002,92.3,84.4,411.9
"F(W,G)",Fairness,,,,0.4428571428571413
GINI_index,Fairness,,,,0.06688966217978098
