type_indicator,eval_type,3>=family_num>=2,family_num=1,family_num>3,all
least_misery,Fairness,0.0,0.0,0.0,0.0
variance,Fairness,53.42767485822306,61.0241,37.10024691358025,52.10333333333334
jain'sfair,Fairness,0.35075102184106927,0.14240853376485105,0.1649980039684453,
min_max_ratio,Fairness,0.0,0.0,0.0,
sw,Satisfaction,224.4,95.3,100.3,420.0
"F(W,G)",Fairness,,,,0.8183823529411764
GINI_index,Fairness,,,,0.3758049886621315
