type_indicator,eval_type,3>=family_num>=2,family_num=1,family_num>3,all
least_misery,Fairness,11.6,14.5,7.4,7.4
variance,Fairness,1.9633333333333336,2.0925000000000007,8.767999999999999,4.272949245541838
jain'sfair,Fairness,0.6613985188365354,0.1469690598496486,0.17631287521128403,
min_max_ratio,Fairness,0.6444444444444444,0.8055555555555556,0.46835443037974683,
sw,Satisfaction,282.6,64.6,66.0,413.2
"F(W,G)",Fairness,,,,-3.491666666666667
GINI_index,Fairness,,,,0.06582768635043579
