type_indicator,eval_type,3>=family_num>=2,family_num=1,family_num>3,all
least_misery,Fairness,14.2,15.0,14.5,14.2
variance,Fairness,1.3325000000000002,0.7755555555555554,0.7799999999999989,1.2868749999999998
jain'sfair,Fairness,0.5969502775075815,0.14955983806076506,0.24915883012682252,
min_max_ratio,Fairness,0.7888888888888889,0.8823529411764706,0.8579881656804734,
sw,Satisfaction,193.8,48.7,76.0,318.5
"F(W,G)",Fairness,,,,-0.06862745098039014
GINI_index,Fairness,,,,0.042558869701726953
