type_indicator,eval_type,3>=family_num>=2,family_num=1,family_num>3,all
least_misery,Fairness,0.0,0.0,0.0,0.0
variance,Fairness,54.1265,60.79884297520661,34.2944,54.29601691657055
jain'sfair,Fairness,0.2511314852148654,0.13666779448015856,0.13356548926278825,
min_max_ratio,Fairness,0.0,0.0,0.0,
sw,Satisfaction,190.5,112.80000000000001,85.6,388.9
"F(W,G)",Fairness,,,,-2.9424390243902447
GINI_index,Fairness,,,,0.5155516565072931
