type_indicator,eval_type,3>=family_num>=2,family_num=1,family_num>3,all
least_misery,Fairness,12.2,13.4,9.0,9.0
variance,Fairness,2.944,2.3735999999999993,5.12888888888889,4.607514792899408
jain'sfair,Fairness,0.5698492191845074,0.1906007324911488,0.22403919052895555,
min_max_ratio,Fairness,0.6777777777777777,0.7444444444444445,0.5660377358490566,
sw,Satisfaction,231.0,81.4,78.4,390.79999999999995
"F(W,G)",Fairness,,,,0.04666666666666863
GINI_index,Fairness,,,,0.0791276277458467
