type_indicator,eval_type,3>=family_num>=2,family_num=1,family_num>3,all
least_misery,Fairness,0.0,0.0,0.0,0.0
variance,Fairness,53.396428571428565,66.31520661157025,54.670899999999996,56.627513536026655
jain'sfair,Fairness,0.31850128189187116,0.121620294578036,0.11605608231726709,
min_max_ratio,Fairness,0.0,0.0,0.0,
sw,Satisfaction,229.60000000000002,97.4,84.9,411.9
"F(W,G)",Fairness,,,,-1.2892307692307705
GINI_index,Fairness,,,,0.4794803573286561
