type_indicator,eval_type,3>=family_num>=2,family_num=1,family_num>3,all
least_misery,Fairness,13.8,14.4,11.9,11.9
variance,Fairness,0.9527272727272731,1.0976,1.78984375,1.6541493055555556
jain'sfair,Fairness,0.45663392865566593,0.2074304831696095,0.3305718200771054,
min_max_ratio,Fairness,0.7840909090909091,0.8228571428571428,0.7345679012345679,
sw,Satisfaction,176.0,79.4,117.10000000000001,372.5
"F(W,G)",Fairness,,,,0.39500000000000135
GINI_index,Fairness,,,,0.04655480984340021
