,family_num=1,family_num=2,family_num>2,all
mean_house_area,40.67818181818182,10.020789473684209,7.856547619047619,15.742009803921569
var_mean_house_area,,,,263.326440364283
Rop,,,,403.0
