type_indicator,eval_type,3>=family_num>=2,family_num=1,family_num>3,all
least_misery,Fairness,11.8,13.8,11.8,11.8
variance,Fairness,2.0148437499999994,1.4559999999999997,2.143999999999999,2.024852071005917
jain'sfair,Fairness,0.6100382722708669,0.19110337051290874,0.19033967407268154,
min_max_ratio,Fairness,0.6555555555555556,0.8117647058823529,0.7283950617283952,
sw,Satisfaction,242.6,76.0,72.0,390.59999999999997
"F(W,G)",Fairness,,,,0.08333333333333393
GINI_index,Fairness,,,,0.053546811611327794
