type_indicator,eval_type,3>=family_num>=2,family_num=1,family_num>3,all
least_misery,Fairness,11.2,13.8,11.8,11.2
variance,Fairness,4.594222222222223,1.1885714285714282,3.2191666666666645,3.9721811224489794
jain'sfair,Fairness,0.5253585874655278,0.24875332646064588,0.21059330836257137,
min_max_ratio,Fairness,0.6222222222222222,0.8117647058823529,0.7283950617283952,
sw,Satisfaction,229.0,107.8,81.3,418.1
"F(W,G)",Fairness,,,,-1.5250000000000004
GINI_index,Fairness,,,,0.07676734889124293
