type_indicator,eval_type,3>=family_num>=2,family_num=1,family_num>3,all
least_misery,Fairness,10.6,13.4,9.5,9.5
variance,Fairness,6.472857142857144,1.4360937499999997,5.2368749999999995,5.786331360946747
jain'sfair,Fairness,0.5230061686012883,0.3060151797324259,0.14923934617308926,
min_max_ratio,Fairness,0.5888888888888889,0.7657142857142857,0.625,
sw,Satisfaction,207.20000000000002,129.5,52.099999999999994,388.8
"F(W,G)",Fairness,,,,-0.023188405797103684
GINI_index,Fairness,,,,0.09008982272871147
