type_indicator,eval_type,3>=family_num>=2,family_num=1,family_num>3,all
least_misery,Fairness,11.8,14.8,8.8,8.8
variance,Fairness,2.467555555555556,0.5583673469387752,6.686399999999997,3.885432098765431
jain'sfair,Fairness,0.5493391046004088,0.2587145969498911,0.17819944627278897,
min_max_ratio,Fairness,0.6941176470588236,0.8705882352941177,0.5789473684210527,
sw,Satisfaction,221.5,114.0,65.3,400.8
"F(W,G)",Fairness,,,,-1.7764285714285748
GINI_index,Fairness,,,,0.06932431433429431
