type_indicator,eval_type,3>=family_num>=2,family_num=1,family_num>3,all
least_misery,Fairness,11.2,14.5,8.3,8.3
variance,Fairness,2.493875,0.8680555555555557,7.361874999999998,5.425224913494809
jain'sfair,Fairness,0.5820144968802784,0.175867986925962,0.22398489158831306,
min_max_ratio,Fairness,0.6222222222222222,0.8529411764705882,0.5123456790123457,
sw,Satisfaction,305.5,95.5,96.6,497.59999999999997
"F(W,G)",Fairness,,,,-3.0178571428571423
GINI_index,Fairness,,,,0.08371358993758271
