type_indicator,eval_type,3>=family_num>=2,family_num=1,family_num>3,all
least_misery,Fairness,0.0,0.0,0.0,0.0
variance,Fairness,57.91528888888888,61.71900826446283,29.73800000000001,55.52441368704345
jain'sfair,Fairness,0.23345582279621738,0.096829640947288,0.03860353691006488,
min_max_ratio,Fairness,0.0,0.0,0.0,
sw,Satisfaction,185.2,78.0,27.0,290.2
"F(W,G)",Fairness,,,,3.8931707317073174
GINI_index,Fairness,,,,0.6499912163349144
