type_indicator,eval_type,3>=family_num>=2,family_num=1,family_num>3,all
least_misery,Fairness,10.1,12.2,7.2,7.2
variance,Fairness,3.67905325443787,3.4971428571428578,7.276093749999999,5.3621428571428575
jain'sfair,Fairness,0.45611478930063015,0.24663084647229805,0.27521811885392594,
min_max_ratio,Fairness,0.5941176470588235,0.6777777777777777,0.4444444444444445,
sw,Satisfaction,186.3,112.0,110.5,408.8
"F(W,G)",Fairness,,,,0.3809523809523814
GINI_index,Fairness,,,,0.08526698350573114
