type_indicator,eval_type,3>=family_num>=2,family_num=1,family_num>3,all
least_misery,Fairness,8.8,11.6,6.8,6.8
variance,Fairness,4.838224852071005,4.273469387755101,7.809375,6.52891581632653
jain'sfair,Fairness,0.4535771517837826,0.24598038643574302,0.2740161180995322,
min_max_ratio,Fairness,0.5028571428571429,0.6444444444444444,0.4197530864197531,
sw,Satisfaction,186.10000000000002,113.2,108.19999999999999,407.5
"F(W,G)",Fairness,,,,0.4047619047619051
GINI_index,Fairness,,,,0.0944171779141103
