,large_house,middle_house,small_house
mean_house_area,18.333333333333336,23.799374999999998,40.67818181818182
