type_indicator,eval_type,3>=family_num>=2,family_num=1,family_num>3,all
least_misery,Fairness,11.9,13.0,13.6,11.9
variance,Fairness,2.7999999999999994,1.822469135802469,1.8599999999999985,2.3589759999999997
jain'sfair,Fairness,0.5138536873654439,0.3573088807663911,0.11902901640057424,
min_max_ratio,Fairness,0.6611111111111111,0.7222222222222222,0.8047337278106509,
sw,Satisfaction,198.9,140.0,45.3,384.20000000000005
"F(W,G)",Fairness,,,,-1.0630952380952365
GINI_index,Fairness,,,,0.057709526288391544
