type_indicator,eval_type,3>=family_num>=2,family_num=1,family_num>3,all
least_misery,Fairness,0.0,0.0,0.0,0.0
variance,Fairness,48.89688888888889,53.54380165289256,49.2564,52.52133794694348
jain'sfair,Fairness,0.17407108756031694,0.05866648053466418,0.11703533673920677,
min_max_ratio,Fairness,0.0,0.0,0.0,
sw,Satisfaction,136.0,49.2,85.4,270.6
"F(W,G)",Fairness,,,,2.8287804878048775
GINI_index,Fairness,,,,0.6680289262785677
