type_indicator,eval_type,3>=family_num>=2,family_num=1,family_num>3,all
least_misery,Fairness,13.0,13.0,9.4,9.4
variance,Fairness,2.279375,3.5314285714285716,4.659999999999998,5.047645429362881
jain'sfair,Fairness,0.41673066075076903,0.36315131670308953,0.20392701112393521,
min_max_ratio,Fairness,0.7647058823529411,0.7222222222222222,0.6438356164383562,
sw,Satisfaction,118.6,109.2,48.0,275.8
"F(W,G)",Fairness,,,,0.23333333333333428
GINI_index,Fairness,,,,0.08782107553146834
