type_indicator,eval_type,3>=family_num>=2,family_num=1,family_num>3,all
least_misery,Fairness,0.0,0.0,0.0,0.0
variance,Fairness,55.86112222222223,47.00413223140495,46.694399999999995,55.840530565167235
jain'sfair,Fairness,0.3463445736596911,0.05755850727387729,0.1152542372881356,
min_max_ratio,Fairness,0.0,0.0,0.0,
sw,Satisfaction,268.3,45.5,81.6,395.4
"F(W,G)",Fairness,,,,-2.802439024390244
GINI_index,Fairness,,,,0.5138603747012209
