type_indicator,eval_type,3>=family_num>=2,family_num=1,family_num>3,all
least_misery,Fairness,0.0,0.0,0.0,0.0
variance,Fairness,60.24209999999998,56.400826446281,48.0841,58.09896193771627
jain'sfair,Fairness,0.2708487108200079,0.05867398294019867,0.09655392669138421,
min_max_ratio,Fairness,0.0,0.0,0.0,
sw,Satisfaction,215.1,50.5,68.3,333.9
"F(W,G)",Fairness,,,,-0.5934146341463409
GINI_index,Fairness,,,,0.599345817991767
