type_indicator,eval_type,3>=family_num>=2,family_num=1,family_num>3,all
least_misery,Fairness,14.0,13.8,5.8,5.8
variance,Fairness,1.447288888888889,1.9935999999999996,11.112222222222224,5.443091715976332
jain'sfair,Fairness,0.5736087747381858,0.19078792898094743,0.21604000058911027,
min_max_ratio,Fairness,0.7777777777777778,0.7666666666666667,0.34939759036144574,
sw,Satisfaction,237.39999999999998,79.1,76.6,393.1
"F(W,G)",Fairness,,,,1.1590909090909083
GINI_index,Fairness,,,,0.07431070582940347
