type_indicator,eval_type,3>=family_num>=2,family_num=1,family_num>3,all
least_misery,Fairness,0.0,0.0,0.0,0.0
variance,Fairness,10.490000000000006,9.900826446280991,11.040000000000003,11.352556708958094
jain'sfair,Fairness,0.2617491441020853,0.15606648750870908,0.07446574135272087,
min_max_ratio,Fairness,0.0,0.0,0.0,
sw,Satisfaction,87.0,56.0,26.0,169.0
"F(W,G)",Fairness,,,,-1.7585365853658539
GINI_index,Fairness,,,,0.5436825617821093
