type_indicator,eval_type,3>=family_num>=2,family_num=1,family_num>3,all
least_misery,Fairness,0.0,0.0,0.0,0.0
variance,Fairness,57.85409999999999,36.740495867768594,40.6385,59.13114186851212
jain'sfair,Fairness,0.21296845841449477,0.17496164431648834,0.058363332543746656,
min_max_ratio,Fairness,0.0,0.0,0.0,
sw,Satisfaction,171.89999999999998,138.2,41.5,351.6
"F(W,G)",Fairness,,,,-3.3014634146341475
GINI_index,Fairness,,,,0.5765352785027549
