type_indicator,eval_type,3>=family_num>=2,family_num=1,family_num>3,all
least_misery,Fairness,14.2,13.8,14.6,13.8
variance,Fairness,1.3053571428571424,1.0497959183673466,0.791874999999999,1.3160959999999995
jain'sfair,Fairness,0.5571766017143442,0.2787191553995169,0.1594956661923195,
min_max_ratio,Fairness,0.7888888888888889,0.8117647058823529,0.8639053254437871,
sw,Satisfaction,224.70000000000002,105.8,63.3,393.79999999999995
"F(W,G)",Fairness,,,,-0.49130434782608035
GINI_index,Fairness,,,,0.0428034535297106
