type_indicator,eval_type,3>=family_num>=2,family_num=1,family_num>3,all
least_misery,Fairness,0.0,0.0,0.0,0.0
variance,Fairness,63.34448888888888,62.95719008264462,45.78439999999999,59.90072279892348
jain'sfair,Fairness,0.2924280028077027,0.09726443438244381,0.11013803951601701,
min_max_ratio,Fairness,0.0,0.0,0.0,
sw,Satisfaction,237.4,79.1,76.6,393.1
"F(W,G)",Fairness,,,,-1.5770731707317074
GINI_index,Fairness,,,,0.5277906634543923
