type_indicator,eval_type,3>=family_num>=2,family_num=1,family_num>3,all
least_misery,Fairness,0.0,0.0,0.0,0.0
variance,Fairness,34.35133333333332,52.666942148760356,58.10889999999999,45.091926182237586
jain'sfair,Fairness,0.11569000398013966,0.07835659514110625,0.07821820193119192,
min_max_ratio,Fairness,0.0,0.0,0.0,
sw,Satisfaction,87.0,60.3,62.099999999999994,209.4
"F(W,G)",Fairness,,,,-3.303658536585366
GINI_index,Fairness,,,,0.738562091503268
