type_indicator,eval_type,3>=family_num>=2,family_num=1,family_num>3,all
least_misery,Fairness,11.8,15.0,11.8,11.8
variance,Fairness,3.2680859375,1.44,1.302399999999999,3.151494082840237
jain'sfair,Fairness,0.6072236597188854,0.19128356850250341,0.19103102581877618,
min_max_ratio,Fairness,0.6555555555555556,0.8333333333333334,0.7763157894736843,
sw,Satisfaction,249.5,82.0,69.80000000000001,401.3
"F(W,G)",Fairness,,,,-0.9041666666666686
GINI_index,Fairness,,,,0.06619831700818479
