type_indicator,eval_type,3>=family_num>=2,family_num=1,family_num>3,all
least_misery,Fairness,0.0,0.0,0.0,0.0
variance,Fairness,51.546488888888874,53.3388429752066,24.800400000000003,48.386397539407916
jain'sfair,Fairness,0.1945284471829988,0.05848252344416027,0.0196078431372549,
min_max_ratio,Fairness,0.0,0.0,0.0,
sw,Satisfaction,151.4,49.0,16.6,217.0
"F(W,G)",Fairness,,,,2.195609756097561
GINI_index,Fairness,,,,0.7394235113400198
