,default,utility
least_misery,6.0,
variance,0.06632653061224489,
jain'sfair,0.9986202504776056,
min_max_ratio,0.8571428571428571,
sw,6.928571428571429,
"F(W,G)",,-0.20833333333333304
SW,,194.0
GINI_index,,0.010677466863033835
