type_indicator,eval_type,3>=family_num>=2,family_num=1,family_num>3,all
least_misery,Fairness,0.0,0.0,0.0,0.0
variance,Fairness,57.240100000000005,59.27603305785124,35.592,53.66698961937715
jain'sfair,Fairness,0.3648796031424265,0.1355996625205286,0.1323751349524767,
min_max_ratio,Fairness,0.0,0.0,0.0,
sw,Satisfaction,290.1,110.2,86.0,486.29999999999995
"F(W,G)",Fairness,,,,-1.2380487804878033
GINI_index,Fairness,,,,0.412857390540012
