type_indicator,eval_type,3>=family_num>=2,family_num=1,family_num>3,all
least_misery,Fairness,10.8,15.0,7.2,7.2
variance,Fairness,3.6818750000000002,1.8755555555555559,7.95265306122449,5.052248520710058
jain'sfair,Fairness,0.6054440881198804,0.11455231092685583,0.25856610515345646,
min_max_ratio,Fairness,0.6000000000000001,0.8333333333333334,0.45569620253164556,
sw,Satisfaction,239.60000000000002,48.2,97.2,385.0
"F(W,G)",Fairness,,,,0.1263157894736846
GINI_index,Fairness,,,,0.07788211788211785
