type_indicator,eval_type,3>=family_num>=2,family_num=1,family_num>3,all
least_misery,Fairness,11.8,12.5,11.4,11.4
variance,Fairness,3.3091836734693874,3.3333333333333335,1.4658333333333324,3.880724852071005
jain'sfair,Fairness,0.5306861300428067,0.22761125292770862,0.22873866101683174,
min_max_ratio,Fairness,0.6555555555555556,0.7352941176470589,0.7808219178082192,
sw,Satisfaction,210.4,93.0,77.1,380.5
"F(W,G)",Fairness,,,,-0.983809523809521
GINI_index,Fairness,,,,0.07764075609016485
