type_indicator,eval_type,3>=family_num>=2,family_num=1,family_num>3,all
least_misery,Fairness,0.0,0.0,0.0,0.0
variance,Fairness,55.74738888888887,61.7295867768595,45.9841,56.95575547866204
jain'sfair,Fairness,0.29082658478845175,0.13696655132641292,0.09434088332088829,
min_max_ratio,Fairness,0.0,0.0,0.0,
sw,Satisfaction,221.5,114.0,65.3,400.79999999999995
"F(W,G)",Fairness,,,,2.0041463414634144
GINI_index,Fairness,,,,0.5068588313568942
