type_indicator,eval_type,3>=family_num>=2,family_num=1,family_num>3,all
least_misery,Fairness,9.8,13.5,10.2,9.8
variance,Fairness,4.542091836734692,1.6699999999999995,5.163333333333332,4.279323979591836
jain'sfair,Fairness,0.48943696063536996,0.2837292713838491,0.20846618360512847,
min_max_ratio,Fairness,0.5444444444444445,0.7941176470588235,0.6035502958579881,
sw,Satisfaction,203.1,123.6,81.6,408.3
"F(W,G)",Fairness,,,,-1.828695652173911
GINI_index,Fairness,,,,0.08041181204296544
