type_indicator,eval_type,3>=family_num>=2,family_num=1,family_num>3,all
least_misery,Fairness,11.6,15.0,11.0,11.0
variance,Fairness,2.605899999999999,0.9783673469387759,2.496874999999999,3.3953173777315286
jain'sfair,Fairness,0.638334753618321,0.22498661393529099,0.12707280957446862,
min_max_ratio,Fairness,0.6444444444444444,0.8333333333333334,0.7236842105263158,
sw,Satisfaction,312.2,114.7,50.900000000000006,477.79999999999995
"F(W,G)",Fairness,,,,-1.1952380952380928
GINI_index,Fairness,,,,0.06640651372554318
