type_indicator,eval_type,3>=family_num>=2,family_num=1,family_num>3,all
least_misery,Fairness,12.4,15.2,10.9,10.9
variance,Fairness,2.608622222222221,0.9344000000000003,2.7547222222222203,3.4426775147928983
jain'sfair,Fairness,0.5706247427291337,0.19164512959681243,0.22723926790912433,
min_max_ratio,Fairness,0.6888888888888889,0.8444444444444444,0.7171052631578948,
sw,Satisfaction,230.6,82.2,79.89999999999999,392.7
"F(W,G)",Fairness,,,,0.0600000000000005
GINI_index,Fairness,,,,0.0694599518128931
