type_indicator,eval_type,3>=family_num>=2,family_num=1,family_num>3,all
least_misery,Fairness,14.5,15.0,13.6,13.6
variance,Fairness,1.0349489795918367,1.0248979591836738,1.0647222222222221,1.307681755829904
jain'sfair,Fairness,0.5164325636020867,0.2582952589690226,0.22118707669556065,
min_max_ratio,Fairness,0.8285714285714286,0.8333333333333334,0.8395061728395062,
sw,Satisfaction,224.09999999999997,116.0,90.50000000000001,430.59999999999997
"F(W,G)",Fairness,,,,-0.5260869565217412
GINI_index,Fairness,,,,0.04206017443360688
