type_indicator,eval_type,3>=family_num>=2,family_num=1,family_num>3,all
least_misery,Fairness,14.0,14.5,13.8,13.8
variance,Fairness,1.3453571428571431,1.578367346938776,0.8588888888888881,1.4510562414266122
jain'sfair,Fairness,0.5157565178408233,0.25776229325745914,0.22141686540122504,
min_max_ratio,Fairness,0.7954545454545454,0.8055555555555556,0.851851851851852,
sw,Satisfaction,221.89999999999998,115.39999999999999,92.2,429.50000000000006
"F(W,G)",Fairness,,,,-0.39021739130434874
GINI_index,Fairness,,,,0.044513430776527585
