type_indicator,eval_type,3>=family_num>=2,family_num=1,family_num>3,all
least_misery,Fairness,10.5,15.0,12.9,10.5
variance,Fairness,3.1910000000000003,0.3348437500000001,0.7359999999999993,2.3526905417814508
jain'sfair,Fairness,0.5980142929853977,0.24210104669869068,0.15097177420664698,
min_max_ratio,Fairness,0.5833333333333334,0.8823529411764706,0.8486842105263158,
sw,Satisfaction,307.99999999999994,126.7,71.5,506.19999999999993
"F(W,G)",Fairness,,,,-0.9851851851851858
GINI_index,Fairness,,,,0.05432635322007118
