type_indicator,eval_type,3>=family_num>=2,family_num=1,family_num>3,all
least_misery,Fairness,10.1,13.0,13.2,10.1
variance,Fairness,5.249999999999999,2.633469387755102,1.0559999999999994,4.059171597633136
jain'sfair,Fairness,0.5263423449567666,0.266546632098486,0.1913596915837645,
min_max_ratio,Fairness,0.5611111111111111,0.7222222222222222,0.8048780487804879,
sw,Satisfaction,211.4,113.2,73.0,397.6
"F(W,G)",Fairness,,,,-0.5565217391304351
GINI_index,Fairness,,,,0.07403072279832856
