type_indicator,eval_type,3>=family_num>=2,family_num=1,family_num>3,all
least_misery,Fairness,11.5,15.0,11.8,11.5
variance,Fairness,3.426875000000001,0.2222222222222222,2.807999999999998,2.8405859375
jain'sfair,Fairness,0.49333377102117437,0.18732294617563738,0.3085968427794928,
min_max_ratio,Fairness,0.6534090909090908,0.9375,0.698224852071006,
sw,Satisfaction,127.4,46.0,74.5,247.89999999999998
"F(W,G)",Fairness,,,,-2.3928571428571406
GINI_index,Fairness,,,,0.059348527632109516
