type_indicator,eval_type,3>=family_num>=2,family_num=1,family_num>3,all
least_misery,Fairness,10.8,13.2,12.3,10.8
variance,Fairness,4.296377551020407,3.134722222222223,2.382857142857141,3.7979698216735236
jain'sfair,Fairness,0.5082837480099328,0.21946063831375262,0.25635388618531935,
min_max_ratio,Fairness,0.6206896551724139,0.7333333333333333,0.727810650887574,
sw,Satisfaction,204.50000000000003,94.7,101.5,400.7
"F(W,G)",Fairness,,,,-1.6380952380952412
GINI_index,Fairness,,,,0.07601512168519886
