type_indicator,eval_type,3>=family_num>=2,family_num=1,family_num>3,all
least_misery,Fairness,10.8,14.0,10.0,10.0
variance,Fairness,2.9783999999999993,1.7699999999999996,3.5466666666666673,3.9033884297520656
jain'sfair,Fairness,0.6726225467191613,0.18061494327104138,0.13338386742642058,
min_max_ratio,Fairness,0.6000000000000001,0.813953488372093,0.6944444444444444,
sw,Satisfaction,221.4,65.2,37.8,324.4
"F(W,G)",Fairness,,,,-1.2190476190476165
GINI_index,Fairness,,,,0.07496356910660218
