type_indicator,eval_type,3>=family_num>=2,family_num=1,family_num>3,all
least_misery,Fairness,12.2,14.5,10.0,10.0
variance,Fairness,1.6502734375,0.921875,7.202040816326529,3.3577229080932787
jain'sfair,Fairness,0.5886421486106399,0.14759084511698642,0.2504047746472194,
min_max_ratio,Fairness,0.6777777777777777,0.8529411764705882,0.591715976331361,
sw,Satisfaction,250.89999999999998,62.5,99.89999999999999,413.3
"F(W,G)",Fairness,,,,-3.1195652173913064
GINI_index,Fairness,,,,0.05934170318394838
