,large_house,middle_house,small_house,utility
least_misery,7.0,7.0,7.0,
variance,0.08264462809917354,0.0,0.12244897959183675,
jain'sfair,0.3922124806601341,0.35714285714285715,0.24940143655227454,
min_max_ratio,0.875,1.0,0.875,
sw,7.090909090909091,7.0,7.142857142857143,
"F(W,G)",,,,0.09523809523809579
SW,,,,198.0
GINI_index,,,,0.010642135642135675
