type_indicator,eval_type,3>=family_num>=2,family_num=1,family_num>3,all
least_misery,Fairness,12.5,15.0,10.9,10.9
variance,Fairness,2.64320987654321,0.9600000000000002,4.414399999999998,3.148609693877551
jain'sfair,Fairness,0.6354794824541937,0.17792059876342337,0.1745600822333269,
min_max_ratio,Fairness,0.6944444444444444,0.8333333333333334,0.6728395061728396,
sw,Satisfaction,271.59999999999997,81.0,69.3,421.9
"F(W,G)",Fairness,,,,-1.34761904761905
GINI_index,Fairness,,,,0.066197135407849
