type_indicator,eval_type,3>=family_num>=2,family_num=1,family_num>3,all
least_misery,Fairness,13.7,14.4,13.8,13.7
variance,Fairness,1.346388888888889,1.1047222222222224,1.58,1.347120181405896
jain'sfair,Fairness,0.5684451485987083,0.2844992693709869,0.1419237835315245,
min_max_ratio,Fairness,0.7784090909090908,0.8228571428571428,0.8214285714285714,
sw,Satisfaction,192.2,96.5,46.5,335.20000000000005
"F(W,G)",Fairness,,,,0.8191176470588211
GINI_index,Fairness,,,,0.041922377542902844
