,large_house,middle_house,small_house,utility
least_misery,0.0,0.0,6.0,
variance,12.9875,12.098765432098766,0.18181818181818182,
jain'sfair,0.1830668573161749,0.16326530612244897,0.22365988909426987,
min_max_ratio,0.0,0.0,0.75,
sw,3.25,3.111111111111111,7.0,
"F(W,G)",,,,-1.4333333333333331
SW,,,,198.0
GINI_index,,,,0.4390847247990105
