type_indicator,eval_type,3>=family_num>=2,family_num=1,family_num>3,all
least_misery,Fairness,0.0,0.0,0.0,0.0
variance,Fairness,51.37289224952741,55.5616,52.24395061728395,54.18113945578231
jain'sfair,Fairness,0.3770495167849583,0.16608291184783805,0.11559028438583334,
min_max_ratio,Fairness,0.0,0.0,0.0,
sw,Satisfaction,245.1,113.2,70.4,428.7
"F(W,G)",Fairness,,,,0.8095588235294127
GINI_index,Fairness,,,,0.37246048407699917
