type_indicator,eval_type,3>=family_num>=2,family_num=1,family_num>3,all
least_misery,Fairness,11.5,15.0,9.4,9.4
variance,Fairness,2.4290234374999997,0.9191836734693878,5.929599999999999,3.1323852040816322
jain'sfair,Fairness,0.5655742751774374,0.24912436777175706,0.17338542657875003,
min_max_ratio,Fairness,0.6388888888888888,0.8333333333333334,0.5731707317073171,
sw,Satisfaction,245.1,113.2,70.4,428.69999999999993
"F(W,G)",Fairness,,,,-1.0530303030302992
GINI_index,Fairness,,,,0.059473824519310936
