,human_response,robot_response,both,none,human/robot,data_len
4,5.0,45.0,0.0,0.0,0.1111111111111111,50.0
3.5,31.0,37.0,26.0,10.0,0.9047619047619048,104.0
