,human_response,robot_response,both,none,human/robot,data_len
4,82.0,186.0,98.0,42.0,0.6338028169014085,408.0
3.5,102.0,106.0,134.0,32.0,0.9833333333333333,374.0
