,human_response,robot_response,both,none,human/robot,data_len
4,0.2063157894736842,0.4905263157894737,0.21052631578947367,0.09263157894736843,0.5945945945945946,475.0
3.5,0.26582278481012656,0.30168776371308015,0.3628691983122363,0.06962025316455696,0.946031746031746,474.0
