type_indicator,eval_type,3>=family_num>=2,family_num=1,family_num>3,all
least_misery,Fairness,10.8,13.0,11.8,10.8
variance,Fairness,3.9079584775086507,3.6,3.094399999999998,4.161508916323731
jain'sfair,Fairness,0.6193300123588114,0.18261713176967415,0.18224945438896686,
min_max_ratio,Fairness,0.6000000000000001,0.7222222222222222,0.7283950617283952,
sw,Satisfaction,260.6,80.0,69.3,409.9
"F(W,G)",Fairness,,,,-1.666666666666666
GINI_index,Fairness,,,,0.07633298094386154
