type_indicator,eval_type,3>=family_num>=2,family_num=1,family_num>3,all
least_misery,Fairness,11.8,14.0,10.2,10.2
variance,Fairness,3.7915555555555547,1.458367346938776,4.645833333333334,3.844081632653061
jain'sfair,Fairness,0.5267582614625773,0.2485863915359154,0.2093584986147822,
min_max_ratio,Fairness,0.6555555555555556,0.7777777777777778,0.6035502958579881,
sw,Satisfaction,224.0,112.1,84.3,420.40000000000003
"F(W,G)",Fairness,,,,-1.9416666666666664
GINI_index,Fairness,,,,0.07413008019573197
