type_indicator,eval_type,3>=family_num>=2,family_num=1,family_num>3,all
least_misery,Fairness,12.4,12.4,12.3,12.3
variance,Fairness,2.0224609375,4.467499999999999,1.1048979591836727,2.3912208504801096
jain'sfair,Fairness,0.5873437891727753,0.1455596548482465,0.2578604067110816,
min_max_ratio,Fairness,0.6888888888888889,0.6888888888888889,0.7987012987012987,
sw,Satisfaction,240.7,63.4,99.89999999999999,404.0
"F(W,G)",Fairness,,,,-0.6172727272727272
GINI_index,Fairness,,,,0.05893839383938393
