type_indicator,eval_type,3>=family_num>=2,family_num=1,family_num>3,all
least_misery,Fairness,14.0,15.0,12.3,12.3
variance,Fairness,1.5340999999999994,0.5599999999999999,5.289999999999995,2.039723183391003
jain'sfair,Fairness,0.5849112367699116,0.29345935016692526,0.11479810967646387,
min_max_ratio,Fairness,0.7909604519774012,0.8823529411764706,0.727810650887574,
sw,Satisfaction,164.3,79.0,29.2,272.5
"F(W,G)",Fairness,,,,1.2595238095238077
GINI_index,Fairness,,,,0.050016189962223345
