type_indicator,eval_type,3>=family_num>=2,family_num=1,family_num>3,all
least_misery,Fairness,0.0,0.0,0.0,0.0
variance,Fairness,61.39355555555555,54.33702479338842,50.2436,57.69771626297577
jain'sfair,Fairness,0.3098610935198707,0.11725586908123409,0.1142999817053361,
min_max_ratio,Fairness,0.0,0.0,0.0,
sw,Satisfaction,248.0,88.5,83.8,420.3
"F(W,G)",Fairness,,,,1.7524390243902443
GINI_index,Fairness,,,,0.4884746189696436
