type_indicator,eval_type,3>=family_num>=2,family_num=1,family_num>3,all
least_misery,Fairness,11.8,15.0,13.7,11.8
variance,Fairness,2.4038888888888876,1.1347222222222226,0.08666666666666688,2.1212698412698408
jain'sfair,Fairness,0.5654928662137724,0.28447155235801436,0.14279489469286516,
min_max_ratio,Fairness,0.6555555555555556,0.8333333333333334,0.9513888888888888,
sw,Satisfaction,181.6,96.7,42.3,320.59999999999997
"F(W,G)",Fairness,,,,-0.5075000000000003
GINI_index,Fairness,,,,0.05439206250185635
