type_indicator,eval_type,3>=family_num>=2,family_num=1,family_num>3,all
least_misery,Fairness,0.0,0.0,0.0,0.0
variance,Fairness,63.15432222222224,63.89537190082644,57.187599999999996,63.81071126489811
jain'sfair,Fairness,0.2730475682686712,0.13646239054806664,0.11722069344770733,
min_max_ratio,Fairness,0.0,0.0,0.0,
sw,Satisfaction,221.9,115.4,92.19999999999999,429.50000000000006
"F(W,G)",Fairness,,,,-2.7260975609756093
GINI_index,Fairness,,,,0.4935241617019336
