type_indicator,eval_type,3>=family_num>=2,family_num=1,family_num>3,all
least_misery,Fairness,0.0,0.0,0.0,0.0
variance,Fairness,64.25543333333331,64.1988429752066,55.24050000000001,64.05813917723951
jain'sfair,Fairness,0.2734054748481637,0.13674454886595314,0.11709904060353206,
min_max_ratio,Fairness,0.0,0.0,0.0,
sw,Satisfaction,224.10000000000002,116.0,90.5,430.6
"F(W,G)",Fairness,,,,-2.790243902439024
GINI_index,Fairness,,,,0.4922360955529448
