type_indicator,eval_type,3>=family_num>=2,family_num=1,family_num>3,all
least_misery,Fairness,9.6,13.8,13.4,9.6
variance,Fairness,4.421388888888889,4.409999999999998,0.0,5.071111111111112
jain'sfair,Fairness,0.6504492718627132,0.21841225410154727,0.11111111111111112,
min_max_ratio,Fairness,0.6,0.7666666666666667,1.0,
sw,Satisfaction,79.9,31.8,13.4,125.10000000000001
"F(W,G)",Fairness,,,,-1.5749999999999993
GINI_index,Fairness,,,,0.09805488942179585
