,3>=family_num>=2,family_num=1,family_num>3,all
mean_house_area,22.185357142857146,40.67818181818182,14.929166666666667,28.67294642857143
var_mean_house_area,,,,108.86224898224916
Rop,,,,9.0
