type_indicator,eval_type,3>=family_num>=2,family_num=1,family_num>3,all
least_misery,Fairness,14.0,13.5,14.0,13.5
variance,Fairness,1.1851530612244896,1.5767346938775513,0.2175999999999997,1.323905325443787
jain'sfair,Fairness,0.5359691527433624,0.2675070690448345,0.19211476042399617,
min_max_ratio,Fairness,0.7777777777777778,0.75,0.9210526315789475,
sw,Satisfaction,223.5,109.5,73.6,406.59999999999997
"F(W,G)",Fairness,,,,0.29565217391304444
GINI_index,Fairness,,,,0.04223580158159601
