type_indicator,eval_type,3>=family_num>=2,family_num=1,family_num>3,all
least_misery,Fairness,11.5,13.8,12.1,11.5
variance,Fairness,2.476888888888889,1.9103999999999999,1.4918750000000003,2.5108159722222223
jain'sfair,Fairness,0.6184278552330922,0.20674316520701483,0.16540317424021073,
min_max_ratio,Fairness,0.6388888888888888,0.7666666666666667,0.7857142857142857,
sw,Satisfaction,228.99999999999997,78.8,55.9,363.70000000000005
"F(W,G)",Fairness,,,,-0.5833333333333339
GINI_index,Fairness,,,,0.05856475116854565
