type_indicator,eval_type,3>=family_num>=2,family_num=1,family_num>3,all
least_misery,Fairness,11.2,12.5,9.4,9.4
variance,Fairness,4.231635802469136,5.0555555555555545,3.8399999999999985,4.5543209876543225
jain'sfair,Fairness,0.6542064169127498,0.1087216248506571,0.21770244821092277,
min_max_ratio,Fairness,0.6222222222222222,0.6944444444444444,0.6025641025641026,
sw,Satisfaction,268.3,45.5,81.6,395.40000000000003
"F(W,G)",Fairness,,,,-1.0500000000000007
GINI_index,Fairness,,,,0.08261675939976387
