type_indicator,eval_type,3>=family_num>=2,family_num=1,family_num>3,all
least_misery,Fairness,12.2,13.5,14.4,12.2
variance,Fairness,2.0102083333333334,1.4504000000000001,0.0,1.7825
jain'sfair,Fairness,0.6607042885373295,0.2760538791996851,0.05555555555555555,
min_max_ratio,Fairness,0.7176470588235294,0.7941176470588235,1.0,
sw,Satisfaction,179.1,76.2,14.4,269.7
"F(W,G)",Fairness,,,,-0.7125000000000004
GINI_index,Fairness,,,,0.05316606929510159
