type_indicator,eval_type,3>=family_num>=2,family_num=1,family_num>3,all
least_misery,Fairness,12.2,13.4,14.4,12.2
variance,Fairness,2.3525,1.7543999999999997,0.0,2.1255555555555556
jain'sfair,Fairness,0.6596298373527761,0.27572743642819875,0.05555555555555555,
min_max_ratio,Fairness,0.7176470588235294,0.788235294117647,1.0,
sw,Satisfaction,178.2,76.8,14.4,269.4
"F(W,G)",Fairness,,,,-0.5812500000000007
GINI_index,Fairness,,,,0.05803019054689429
