type_indicator,eval_type,3>=family_num>=2,family_num=1,family_num>3,all
least_misery,Fairness,10.8,15.0,9.4,9.4
variance,Fairness,5.285153061224491,0.5575000000000001,6.256875,4.81698224852071
jain'sfair,Fairness,0.525999449011288,0.3070360277109071,0.14860931655899354,
min_max_ratio,Fairness,0.6000000000000001,0.8823529411764706,0.5766871165644172,
sw,Satisfaction,209.1,129.2,53.3,391.59999999999997
"F(W,G)",Fairness,,,,-0.29565217391304444
GINI_index,Fairness,,,,0.08098923548361747
