type_indicator,eval_type,3>=family_num>=2,family_num=1,family_num>3,all
least_misery,Fairness,9.8,13.8,11.9,9.8
variance,Fairness,4.697370242214532,1.2534693877551024,1.5650000000000006,3.8545918367346936
jain'sfair,Fairness,0.5946113701131871,0.24865601515276173,0.14156612840025568,
min_max_ratio,Fairness,0.5444444444444445,0.8070175438596491,0.8040540540540541,
sw,Satisfaction,253.8,106.6,52.4,412.79999999999995
"F(W,G)",Fairness,,,,-1.3714285714285683
GINI_index,Fairness,,,,0.07549487818383172
