,3>=family_num>=2,family_num=1,family_num>3,all
mean_house_area,21.95666666666667,41.309999999999995,14.9625,29.323271604938267
var_mean_house_area,,,,113.54368158055175
Rop,,,,10.0
