type_indicator,eval_type,3>=family_num>=2,family_num=1,family_num>3,all
least_misery,Fairness,10.8,13.8,12.9,10.8
variance,Fairness,3.66454081632653,1.6147107438016521,2.7224999999999984,3.047764060356652
jain'sfair,Fairness,0.510232137498663,0.40486243566743124,0.07313357428782402,
min_max_ratio,Fairness,0.6000000000000001,0.7666666666666667,0.7962962962962964,
sw,Satisfaction,210.29999999999998,176.3,29.1,415.7
"F(W,G)",Fairness,,,,0.07818181818181813
GINI_index,Fairness,,,,0.06361425173068203
