type_indicator,eval_type,3>=family_num>=2,family_num=1,family_num>3,all
least_misery,Fairness,0.0,0.0,0.0,0.0
variance,Fairness,64.72356666666664,53.530578512396694,60.42009999999999,62.65267204921184
jain'sfair,Fairness,0.2731257851540902,0.1366270369605475,0.07818415009427428,
min_max_ratio,Fairness,0.0,0.0,0.0,
sw,Satisfaction,224.7,105.8,63.3,393.79999999999995
"F(W,G)",Fairness,,,,-5.798536585365852
GINI_index,Fairness,,,,0.5300988856690467
