type_indicator,eval_type,3>=family_num>=2,family_num=1,family_num>3,all
least_misery,Fairness,11.4,15.0,11.1,11.1
variance,Fairness,3.6723437499999996,1.0855555555555558,3.601875,3.4470562130177522
jain'sfair,Fairness,0.6058028137547755,0.2297742636530467,0.15100053426347188,
min_max_ratio,Fairness,0.6333333333333333,0.8333333333333334,0.6851851851851852,
sw,Satisfaction,243.8,95.0,55.3,394.09999999999997
"F(W,G)",Fairness,,,,0.10909090909090757
GINI_index,Fairness,,,,0.06927175843694511
