type_indicator,eval_type,3>=family_num>=2,family_num=1,family_num>3,all
least_misery,Fairness,11.6,15.0,13.2,11.6
variance,Fairness,2.3944444444444444,0.6200000000000002,1.7224,2.133113854595336
jain'sfair,Fairness,0.6594577778223802,0.14778112244746947,0.18380766103052626,
min_max_ratio,Fairness,0.6823529411764706,0.8823529411764706,0.7810650887573964,
sw,Satisfaction,266.4,63.2,75.8,405.40000000000003
"F(W,G)",Fairness,,,,-0.09166666666666856
GINI_index,Fairness,,,,0.055199254508578766
