type_indicator,eval_type,3>=family_num>=2,family_num=1,family_num>3,all
least_misery,Fairness,13.2,13.0,9.6,9.6
variance,Fairness,2.252892561983472,3.6,5.161599999999999,3.8748752834467117
jain'sfair,Fairness,0.5189881746064172,0.23479345513243818,0.23191736277877995,
min_max_ratio,Fairness,0.7333333333333333,0.7222222222222222,0.5925925925925926,
sw,Satisfaction,171.3,80.0,69.6,320.90000000000003
"F(W,G)",Fairness,,,,-1.256666666666666
GINI_index,Fairness,,,,0.07099081452462563
