type_indicator,eval_type,3>=family_num>=2,family_num=1,family_num>3,all
least_misery,Fairness,11.8,16.0,11.8,11.8
variance,Fairness,3.190867346938775,0.7222222222222222,2.8703999999999983,3.7008471074380154
jain'sfair,Fairness,0.6278765569009275,0.13601696045227873,0.22382955733002702,
min_max_ratio,Fairness,0.6704545454545454,0.8888888888888888,0.7195121951219513,
sw,Satisfaction,215.1,50.5,68.3,333.90000000000003
"F(W,G)",Fairness,,,,-0.0027777777777764356
GINI_index,Fairness,,,,0.07281711998693152
