type_indicator,eval_type,3>=family_num>=2,family_num=1,family_num>3,all
least_misery,Fairness,10.5,15.0,10.2,10.2
variance,Fairness,3.12609375,0.6860937500000006,5.906874999999999,3.1113265306122453
jain'sfair,Fairness,0.5636620477194596,0.2849299628826499,0.13872092921477147,
min_max_ratio,Fairness,0.5833333333333334,0.8771929824561403,0.6035502958579881,
sw,Satisfaction,241.0,126.3,56.3,423.59999999999997
"F(W,G)",Fairness,,,,-1.2666666666666675
GINI_index,Fairness,,,,0.06240725752057197
