type_indicator,3>=family_num>=2,family_num=1,family_num>3,all
mean_house_area,20.182142857142857,40.76833333333334,14.005357142857141,23.15546296296296
mean_wait_turn,3.0,3.0,5.428571428571429,3.6296296296296298
mean_idle_wait_turn,2.7142857142857144,2.6666666666666665,5.285714285714286,3.3703703703703702
var_mean_house_area,,,,109.44845084019207
Rop,,,,46.0
