type_indicator,eval_type,3>=family_num>=2,family_num=1,family_num>3,all
least_misery,Fairness,12.9,14.0,9.4,9.4
variance,Fairness,1.9106632653061217,2.6347222222222224,4.096326530612245,4.873031550068587
jain'sfair,Fairness,0.5144755764692978,0.2199907636199552,0.2525012558465888,
min_max_ratio,Fairness,0.7166666666666667,0.7777777777777778,0.6438356164383562,
sw,Satisfaction,218.29999999999998,96.7,86.60000000000001,401.6
"F(W,G)",Fairness,,,,-3.021739130434785
GINI_index,Fairness,,,,0.08244798583444002
