,large_house,middle_house,small_house
mean_house_area,17.737962962962968,23.799374999999998,40.67818181818182
