type_indicator,eval_type,3>=family_num>=2,family_num=1,family_num>3,all
least_misery,Fairness,11.9,15.3,10.4,10.4
variance,Fairness,3.5891666666666655,0.2399999999999997,3.841874999999998,4.763877551020407
jain'sfair,Fairness,0.4219728129478107,0.285449990364232,0.27883088582760934,
min_max_ratio,Fairness,0.6611111111111111,0.9272727272727274,0.6624203821656052,
sw,Satisfaction,90.9,64.4,49.900000000000006,205.2
"F(W,G)",Fairness,,,,0.9250000000000007
GINI_index,Fairness,,,,0.08535226956279585
