type_indicator,eval_type,3>=family_num>=2,family_num=1,family_num>3,all
least_misery,Fairness,10.8,14.0,11.8,10.8
variance,Fairness,3.95905325443787,1.49609375,2.457142857142856,3.149630102040816
jain'sfair,Fairness,0.45628977177122054,0.28401487318744123,0.24707228062530648,
min_max_ratio,Fairness,0.6136363636363636,0.7777777777777778,0.7283950617283952,
sw,Satisfaction,195.4,126.5,100.80000000000001,422.7
"F(W,G)",Fairness,,,,-0.03333333333333144
GINI_index,Fairness,,,,0.06684071783433043
