type_indicator,eval_type,3>=family_num>=2,family_num=1,family_num>3,all
least_misery,Fairness,10.6,14.0,11.9,10.6
variance,Fairness,4.332071005917159,1.49609375,2.6812244897959183,3.588201530612245
jain'sfair,Fairness,0.4554174962098216,0.28409225661093324,0.24680243227377305,
min_max_ratio,Fairness,0.6162790697674418,0.7777777777777778,0.7345679012345679,
sw,Satisfaction,193.9,129.5,100.70000000000002,424.09999999999997
"F(W,G)",Fairness,,,,0.1857142857142886
GINI_index,Fairness,,,,0.0710496176777714
