type_indicator,eval_type,3>=family_num>=2,family_num=1,family_num>3,all
least_misery,Fairness,13.0,13.2,12.6,12.6
variance,Fairness,1.4479338842975205,1.8755102040816332,3.1488888888888873,2.030113378684807
jain'sfair,Fairness,0.5208061084531229,0.33085217622317126,0.14076812905004418,
min_max_ratio,Fairness,0.7344632768361582,0.7333333333333333,0.7455621301775148,
sw,Satisfaction,174.3,110.7,43.699999999999996,328.7
"F(W,G)",Fairness,,,,-0.33124999999999716
GINI_index,Fairness,,,,0.05195068596346353
