type_indicator,eval_type,3>=family_num>=2,family_num=1,family_num>3,all
least_misery,Fairness,11.2,14.0,9.4,9.4
variance,Fairness,3.4974609375000005,1.5518750000000008,5.584081632653058,4.652208504801097
jain'sfair,Fairness,0.5841501610931155,0.1472582500151422,0.2515675959518272,
min_max_ratio,Fairness,0.6222222222222222,0.8187134502923976,0.5562130177514794,
sw,Satisfaction,248.89999999999998,64.1,94.60000000000001,407.59999999999997
"F(W,G)",Fairness,,,,-2.883333333333333
GINI_index,Fairness,,,,0.07841747537527721
