type_indicator,eval_type,3>=family_num>=2,family_num=1,family_num>3,all
least_misery,Fairness,13.3,13.2,10.2,10.2
variance,Fairness,1.2898437500000002,2.6824489795918374,4.926399999999999,2.4632015306122454
jain'sfair,Fairness,0.5682921398859866,0.24722435271499862,0.1743475970527835,
min_max_ratio,Fairness,0.7556818181818181,0.7333333333333333,0.6035502958579881,
sw,Satisfaction,244.6,108.2,71.3,424.09999999999997
"F(W,G)",Fairness,,,,-0.6652173913043491
GINI_index,Fairness,,,,0.056851483814464365
