type_indicator,eval_type,3>=family_num>=2,family_num=1,family_num>3,all
least_misery,Fairness,12.4,13.2,9.8,9.8
variance,Fairness,1.6481249999999996,3.004897959183674,5.8264,2.953099489795918
jain'sfair,Fairness,0.567420524937056,0.24692299461753936,0.1735289311816462,
min_max_ratio,Fairness,0.7209302325581396,0.7333333333333333,0.5833333333333334,
sw,Satisfaction,244.39999999999998,108.7,70.8,423.8999999999999
"F(W,G)",Fairness,,,,-0.2426086956521729
GINI_index,Fairness,,,,0.06232096518720731
