type_indicator,eval_type,3>=family_num>=2,family_num=1,family_num>3,all
least_misery,Fairness,9.8,15.0,11.9,9.8
variance,Fairness,4.0783999999999985,0.7947222222222231,2.0763265306122447,3.155
jain'sfair,Fairness,0.526126532761604,0.2136128006472766,0.24749700595266802,
min_max_ratio,Fairness,0.5444444444444445,0.8771929824561403,0.7345679012345679,
sw,Satisfaction,224.40000000000003,95.3,100.30000000000001,420.0
"F(W,G)",Fairness,,,,-0.9969696969696962
GINI_index,Fairness,,,,0.06454081632653064
