type_indicator,eval_type,3>=family_num>=2,family_num=1,family_num>3,all
least_misery,Fairness,0.0,0.0,0.0,0.0
variance,Fairness,57.98743333333332,52.13884297520661,45.11610000000001,59.14639753940793
jain'sfair,Fairness,0.2681565818488919,0.15652817098987423,0.07576161236340846,
min_max_ratio,Fairness,0.0,0.0,0.0,
sw,Satisfaction,209.1,129.2,53.3,391.6
"F(W,G)",Fairness,,,,-4.02829268292683
GINI_index,Fairness,,,,0.53101403993671
