type_indicator,eval_type,3>=family_num>=2,family_num=1,family_num>3,all
least_misery,Fairness,10.5,13.8,7.2,7.2
variance,Fairness,4.8530859374999995,1.2163265306122442,9.6384,5.267589285714287
jain'sfair,Fairness,0.5595291092839921,0.24869563238193285,0.16942264233470222,
min_max_ratio,Fairness,0.5833333333333334,0.8117647058823529,0.46153846153846156,
sw,Satisfaction,241.7,106.6,66.8,415.1
"F(W,G)",Fairness,,,,-1.8772727272727305
GINI_index,Fairness,,,,0.08028185979282099
