type_indicator,eval_type,3>=family_num>=2,family_num=1,family_num>3,all
least_misery,Fairness,11.6,15.0,12.6,11.6
variance,Fairness,3.0765432098765433,0.9823999999999998,2.006399999999999,2.7709566326530615
jain'sfair,Fairness,0.634612776121773,0.17790218083204715,0.17687418030623556,
min_max_ratio,Fairness,0.6444444444444444,0.8333333333333334,0.7455621301775148,
sw,Satisfaction,277.0,80.8,72.3,430.1
"F(W,G)",Fairness,,,,0.8756521739130463
GINI_index,Fairness,,,,0.06175474142226067
