type_indicator,eval_type,3>=family_num>=2,family_num=1,family_num>3,all
least_misery,Fairness,11.8,13.8,11.8,11.8
variance,Fairness,1.8821484374999997,1.6633333333333329,3.7968749999999973,2.3777514792899406
jain'sfair,Fairness,0.6103005928457971,0.22918252139460835,0.15087061935199475,
min_max_ratio,Fairness,0.6941176470588236,0.8117647058823529,0.698224852071006,
sw,Satisfaction,240.5,93.0,55.5,389.0
"F(W,G)",Fairness,,,,-1.6386363636363637
GINI_index,Fairness,,,,0.05938303341902318
