type_indicator,eval_type,3>=family_num>=2,family_num=1,family_num>3,all
least_misery,Fairness,0.0,0.0,0.0,0.0
variance,Fairness,58.06645555555556,49.17173553719008,52.476,57.65680123029604
jain'sfair,Fairness,0.2885280230471486,0.15565068773055277,0.09607054142925371,
min_max_ratio,Fairness,0.0,0.0,0.0,
sw,Satisfaction,224.3,124.2,71.0,419.5
"F(W,G)",Fairness,,,,-3.5892682926829265
GINI_index,Fairness,,,,0.4897239944845637
