type_indicator,eval_type,3>=family_num>=2,family_num=1,family_num>3,all
least_misery,Fairness,13.4,14.0,9.6,9.6
variance,Fairness,1.0705555555555553,1.4583673469387755,5.026666666666665,3.0888000000000004
jain'sfair,Fairness,0.47798437551073786,0.27843070943089604,0.2337400328634437,
min_max_ratio,Fairness,0.7657142857142857,0.7777777777777778,0.5853658536585367,
sw,Satisfaction,191.20000000000002,112.6,82.19999999999999,386.0
"F(W,G)",Fairness,,,,-2.4318181818181817
GINI_index,Fairness,,,,0.05956476683937839
