type_indicator,eval_type,3>=family_num>=2,family_num=1,family_num>3,all
least_misery,Fairness,14.0,13.8,13.8,13.8
variance,Fairness,1.0242857142857147,0.6755555555555551,0.5040816326530609,1.182222222222222
jain'sfair,Fairness,0.5165026433509557,0.22157997367626026,0.2586651349323696,
min_max_ratio,Fairness,0.7954545454545454,0.8625,0.8734177215189873,
sw,Satisfaction,226.8,91.6,103.7,422.09999999999997
"F(W,G)",Fairness,,,,0.10636363636363555
GINI_index,Fairness,,,,0.040608246246720436
