type_indicator,eval_type,3>=family_num>=2,family_num=1,family_num>3,all
least_misery,Fairness,12.4,13.8,12.6,12.4
variance,Fairness,1.4771484374999995,1.9983999999999995,1.3733333333333324,1.9745953360768171
jain'sfair,Fairness,0.589076427017876,0.18372554570678715,0.22071894566312014,
min_max_ratio,Fairness,0.7209302325581396,0.7666666666666667,0.7682926829268293,
sw,Satisfaction,251.7,79.3,85.2,416.20000000000005
"F(W,G)",Fairness,,,,0.0023809523809514843
GINI_index,Fairness,,,,0.051293003719721786
