type_indicator,eval_type,3>=family_num>=2,family_num=1,family_num>3,all
least_misery,Fairness,10.8,15.0,10.2,10.2
variance,Fairness,4.1274609374999995,0.8125000000000003,4.4525,3.763813775510204
jain'sfair,Fairness,0.5611936733348858,0.2136035163629545,0.20975044563279854,
min_max_ratio,Fairness,0.6101694915254238,0.8823529411764706,0.6035502958579881,
sw,Satisfaction,240.7,95.7,86.1,422.5
"F(W,G)",Fairness,,,,-1.520869565217394
GINI_index,Fairness,,,,0.07057480980557884
