type_indicator,eval_type,3>=family_num>=2,family_num=1,family_num>3,all
least_misery,Fairness,12.4,14.0,5.9,5.9
variance,Fairness,2.212622222222223,1.1858333333333337,12.894722222222219,5.054348422496571
jain'sfair,Fairness,0.5503715220538534,0.2212164583399595,0.20796898867779703,
min_max_ratio,Fairness,0.7045454545454545,0.8187134502923976,0.35975609756097565,
sw,Satisfaction,229.89999999999998,96.9,82.30000000000001,409.09999999999997
"F(W,G)",Fairness,,,,0.30454545454545645
GINI_index,Fairness,,,,0.06953837239830896
