,large_house,middle_house,small_house
mean_house_area,16.726136363636368,24.1055,39.56285714285713
