type_indicator,eval_type,3>=family_num>=2,family_num=1,family_num>3,all
least_misery,Fairness,11.8,14.0,9.4,9.4
variance,Fairness,3.3923437499999993,1.776326530612245,9.722222222222218,4.6515976331360935
jain'sfair,Fairness,0.6066364059449625,0.2674143722411801,0.10885723919588693,
min_max_ratio,Fairness,0.6555555555555556,0.7777777777777778,0.5562130177514794,
sw,Satisfaction,245.39999999999998,113.2,38.199999999999996,396.8
"F(W,G)",Fairness,,,,-3.4704545454545457
GINI_index,Fairness,,,,0.07690369106699735
