type_indicator,eval_type,3>=family_num>=2,family_num=1,family_num>3,all
least_misery,Fairness,13.2,14.5,14.0,13.2
variance,Fairness,1.3285416666666663,1.296875,0.9955555555555543,1.3661495844875342
jain'sfair,Fairness,0.6279322710553097,0.20944849169556015,0.15720529393659588,
min_max_ratio,Fairness,0.7674418604651163,0.8529411764705882,0.853658536585366,
sw,Satisfaction,181.5,63.5,45.2,290.20000000000005
"F(W,G)",Fairness,,,,0.8117647058823536
GINI_index,Fairness,,,,0.046247596938590374
