type_indicator,eval_type,3>=family_num>=2,family_num=1,family_num>3,all
least_misery,Fairness,12.0,15.0,7.2,7.2
variance,Fairness,3.042222222222222,0.6666666666666666,8.891874999999999,5.101024
jain'sfair,Fairness,0.5922692492305954,0.23937662337662338,0.15073114321546657,
min_max_ratio,Fairness,0.6857142857142857,0.8823529411764706,0.4931506849315069,
sw,Satisfaction,229.0,96.0,48.1,373.1
"F(W,G)",Fairness,,,,-1.9777777777777796
GINI_index,Fairness,,,,0.07858482980434212
