type_indicator,eval_type,3>=family_num>=2,family_num=1,family_num>3,all
least_misery,Fairness,9.8,14.5,11.9,9.8
variance,Fairness,5.591288888888891,1.2991836734693882,2.2280555555555543,4.195969387755102
jain'sfair,Fairness,0.5218863941830614,0.24873317466508538,0.2120335834515414,
min_max_ratio,Fairness,0.5444444444444445,0.8055555555555556,0.7256097560975611,
sw,Satisfaction,217.89999999999998,111.80000000000001,86.9,416.6
"F(W,G)",Fairness,,,,-1.579166666666664
GINI_index,Fairness,,,,0.07621219395103229
