type_indicator,eval_type,3>=family_num>=2,family_num=1,family_num>3,all
least_misery,Fairness,13.1,13.8,8.0,8.0
variance,Fairness,1.2910059171597639,1.7663999999999997,13.49555555555555,4.129115646258503
jain'sfair,Fairness,0.6158316256936319,0.23634402461850829,0.13203758784318861,
min_max_ratio,Fairness,0.7443181818181818,0.8117647058823529,0.4733727810650888,
sw,Satisfaction,204.4,77.2,38.5,320.1
"F(W,G)",Fairness,,,,1.9421052631578934
GINI_index,Fairness,,,,0.06625905594977755
