type_indicator,eval_type,3>=family_num>=2,family_num=1,family_num>3,all
least_misery,Fairness,12.7,15.0,11.8,11.8
variance,Fairness,1.9573437500000002,1.25,2.36408163265306,2.6824691358024695
jain'sfair,Fairness,0.5877496059540089,0.14747105423522242,0.2561189834875279,
min_max_ratio,Fairness,0.7470588235294118,0.8333333333333334,0.7283950617283952,
sw,Satisfaction,246.60000000000002,66.0,97.20000000000002,409.79999999999995
"F(W,G)",Fairness,,,,-1.3472727272727276
GINI_index,Fairness,,,,0.06134880610234439
