type_indicator,eval_type,3>=family_num>=2,family_num=1,family_num>3,all
least_misery,Fairness,13.8,13.4,13.8,13.4
variance,Fairness,1.2553571428571426,1.9448979591836735,0.5176000000000001,1.630902366863905
jain'sfair,Fairness,0.5358502152205812,0.2671039111870501,0.19183672280933667,
min_max_ratio,Fairness,0.7666666666666667,0.7444444444444445,0.8679245283018868,
sw,Satisfaction,224.7,109.4,72.6,406.70000000000005
"F(W,G)",Fairness,,,,0.7434782608695674
GINI_index,Fairness,,,,0.04780503489625698
