type_indicator,eval_type,3>=family_num>=2,family_num=1,family_num>3,all
least_misery,Fairness,10.7,13.4,11.6,10.7
variance,Fairness,4.00728888888889,1.5891666666666664,1.554285714285714,3.2916709183673474
jain'sfair,Fairness,0.5257037693650931,0.21295545334902088,0.24808768525549088,
min_max_ratio,Fairness,0.5944444444444444,0.7657142857142857,0.7388535031847134,
sw,Satisfaction,217.6,95.7,99.4,412.69999999999993
"F(W,G)",Fairness,,,,-0.6565217391304348
GINI_index,Fairness,,,,0.06997473086641959
