type_indicator,eval_type,3>=family_num>=2,family_num=1,family_num>3,all
least_misery,Fairness,11.4,15.2,11.8,11.4
variance,Fairness,3.110933333333333,0.28000000000000014,1.2506122448979586,2.5196301020408156
jain'sfair,Fairness,0.5279874924769848,0.21405159535329663,0.2484213541731071,
min_max_ratio,Fairness,0.6333333333333333,0.8941176470588235,0.7564102564102565,
sw,Satisfaction,218.7,96.0,98.20000000000002,412.90000000000003
"F(W,G)",Fairness,,,,-1.0547826086956533
GINI_index,Fairness,,,,0.06059059613188944
