type_indicator,eval_type,3>=family_num>=2,family_num=1,family_num>3,all
least_misery,Fairness,9.4,13.2,8.4,8.4
variance,Fairness,5.5610937499999995,3.4853061224489807,9.323999999999998,6.825344387755102
jain'sfair,Fairness,0.5570679694542157,0.24640554570542897,0.16820495989497444,
min_max_ratio,Fairness,0.5222222222222223,0.7333333333333333,0.5121951219512195,
sw,Satisfaction,235.0,108.19999999999999,61.49999999999999,404.7
"F(W,G)",Fairness,,,,1.0749999999999957
GINI_index,Fairness,,,,0.10174203113417335
