type_indicator,eval_type,3>=family_num>=2,family_num=1,family_num>3,all
least_misery,Fairness,10.5,13.0,9.4,9.4
variance,Fairness,4.750000000000001,3.0510204081632657,8.849599999999999,5.876020408163265
jain'sfair,Fairness,0.5590556180534414,0.24688767569539113,0.16939321930958498,
min_max_ratio,Fairness,0.5833333333333334,0.7222222222222222,0.5465116279069768,
sw,Satisfaction,234.4,108.9,63.900000000000006,407.2
"F(W,G)",Fairness,,,,1.4375000000000018
GINI_index,Fairness,,,,0.09558307605950056
