type_indicator,eval_type,3>=family_num>=2,family_num=1,family_num>3,all
least_misery,Fairness,13.0,15.0,13.4,13.0
variance,Fairness,1.0420408163265307,0.96,0.9338775510204073,1.3146745562130175
jain'sfair,Fairness,0.5361146579373374,0.19160679866830208,0.2680471781077027,
min_max_ratio,Fairness,0.7647058823529411,0.8333333333333334,0.8271604938271605,
sw,Satisfaction,215.99999999999997,81.0,101.80000000000001,398.8
"F(W,G)",Fairness,,,,-0.18947368421052246
GINI_index,Fairness,,,,0.04301365635367638
