type_indicator,eval_type,3>=family_num>=2,family_num=1,family_num>3,all
least_misery,Fairness,10.0,14.8,14.6,10.0
variance,Fairness,3.577869822485207,0.48249999999999976,0.6968749999999994,2.1661760000000005
jain'sfair,Fairness,0.5125167462338379,0.3194054506772433,0.1595587871593214,
min_max_ratio,Fairness,0.5555555555555556,0.8705882352941177,0.8639053254437871,
sw,Satisfaction,203.50000000000003,128.8,63.50000000000001,395.8
"F(W,G)",Fairness,,,,0.4100000000000037
GINI_index,Fairness,,,,0.04420414350682178
