type_indicator,eval_type,3>=family_num>=2,family_num=1,family_num>3,all
least_misery,Fairness,11.8,14.0,12.6,11.8
variance,Fairness,2.2736111111111104,2.25,0.5899999999999999,2.523210059171597
jain'sfair,Fairness,0.686149816973216,0.15241871530531326,0.15337778836230848,
min_max_ratio,Fairness,0.6555555555555556,0.7777777777777778,0.863013698630137,
sw,Satisfaction,286.5,62.0,55.599999999999994,404.1
"F(W,G)",Fairness,,,,-0.839130434782609
GINI_index,Fairness,,,,0.058639331467839284
