type_indicator,eval_type,3>=family_num>=2,family_num=1,family_num>3,all
least_misery,Fairness,11.8,15.0,11.3,11.3
variance,Fairness,2.8899999999999992,1.5,2.3897959183673465,3.799054820415879
jain'sfair,Fairness,0.5161925934218838,0.17301504153258998,0.3007400935237657,
min_max_ratio,Fairness,0.6555555555555556,0.8333333333333334,0.697530864197531,
sw,Satisfaction,196.79999999999998,68.0,98.8,363.6
"F(W,G)",Fairness,,,,0.6196078431372545
GINI_index,Fairness,,,,0.06929497297555864
