type_indicator,eval_type,3>=family_num>=2,family_num=1,family_num>3,all
least_misery,Fairness,10.8,13.8,5.8,5.8
variance,Fairness,4.53875,1.716666666666666,14.008888888888885,6.610255102040818
jain'sfair,Fairness,0.559271656492658,0.21291006742005222,0.20024237239806097,
min_max_ratio,Fairness,0.6000000000000001,0.7666666666666667,0.35802469135802467,
sw,Satisfaction,231.2,97.8,84.8,413.79999999999995
"F(W,G)",Fairness,,,,0.41565217391304543
GINI_index,Fairness,,,,0.0887592349651316
