type_indicator,eval_type,3>=family_num>=2,family_num=1,family_num>3,all
least_misery,Fairness,10.6,13.8,6.8,6.8
variance,Fairness,5.19125,1.795555555555555,11.029166666666667,6.353099489795918
jain'sfair,Fairness,0.5573772433107745,0.212835515511563,0.20309814405521742,
min_max_ratio,Fairness,0.5888888888888889,0.7666666666666667,0.4197530864197531,
sw,Satisfaction,229.60000000000002,97.4,84.9,411.9
"F(W,G)",Fairness,,,,0.05999999999999872
GINI_index,Fairness,,,,0.08968022751708082
