type_indicator,eval_type,3>=family_num>=2,family_num=1,family_num>3,all
least_misery,Fairness,11.0,14.0,8.8,8.8
variance,Fairness,3.1438580246913577,1.7535937499999998,4.463593749999998,4.121254325259515
jain'sfair,Fairness,0.5222061564689612,0.23367073022202636,0.22934031996738724,
min_max_ratio,Fairness,0.632183908045977,0.7777777777777778,0.5605095541401275,
sw,Satisfaction,271.7,127.1,104.9,503.69999999999993
"F(W,G)",Fairness,,,,-1.1662068965517243
GINI_index,Fairness,,,,0.07541253547279547
