type_indicator,eval_type,3>=family_num>=2,family_num=1,family_num>3,all
least_misery,Fairness,11.2,13.8,12.6,11.2
variance,Fairness,3.229843750000001,2.2640816326530606,0.5075000000000001,3.2370644718792874
jain'sfair,Fairness,0.5839671690618062,0.25703786600477396,0.14774572249281878,
min_max_ratio,Fairness,0.6222222222222222,0.7666666666666667,0.875,
sw,Satisfaction,236.6,113.3,54.6,404.49999999999994
"F(W,G)",Fairness,,,,0.775999999999998
GINI_index,Fairness,,,,0.06903813578720874
