type_indicator,eval_type,3>=family_num>=2,family_num=1,family_num>3,all
least_misery,Fairness,11.8,13.2,12.1,11.8
variance,Fairness,3.116528925619834,2.033580246913581,1.5088888888888896,2.8159168241965973
jain'sfair,Fairness,0.4722344077886623,0.38795842870177843,0.12941434607526434,
min_max_ratio,Fairness,0.6555555555555556,0.7333333333333333,0.8175675675675675,
sw,Satisfaction,171.89999999999998,138.2,41.5,351.6000000000001
"F(W,G)",Fairness,,,,-1.3266666666666698
GINI_index,Fairness,,,,0.06247217688084272
