type_indicator,eval_type,3>=family_num>=2,family_num=1,family_num>3,all
least_misery,Fairness,10.8,13.2,11.0,10.8
variance,Fairness,2.6625,2.62530612244898,5.334399999999997,3.3956632653061223
jain'sfair,Fairness,0.564701497958191,0.2473795454619529,0.1739437010715674,
min_max_ratio,Fairness,0.6136363636363636,0.7333333333333333,0.6707317073170732,
sw,Satisfaction,239.20000000000002,110.2,70.8,420.20000000000005
"F(W,G)",Fairness,,,,-1.3146666666666675
GINI_index,Fairness,,,,0.06935472904059314
