type_indicator,eval_type,3>=family_num>=2,family_num=1,family_num>3,all
least_misery,Fairness,13.2,14.8,11.8,11.8
variance,Fairness,1.5459555555555555,1.0623999999999996,1.3955555555555545,2.106465028355388
jain'sfair,Fairness,0.6481566581576413,0.21651049017839138,0.1294387098002145,
min_max_ratio,Fairness,0.7333333333333333,0.8222222222222223,0.8194444444444444,
sw,Satisfaction,236.90000000000003,80.8,40.400000000000006,358.1
"F(W,G)",Fairness,,,,-0.4776315789473671
GINI_index,Fairness,,,,0.052912108592450546
