,large_house,middle_house,small_house
mean_house_area,7.601984126984128,10.020789473684209,40.67818181818182
