,large_house,middle_house,small_house,utility
least_misery,0.0,0.0,6.0,
variance,12.84807256235828,11.944598337950135,0.08264462809917354,
jain'sfair,0.17588776487240332,0.1568627450980392,0.21531350182658615,
min_max_ratio,0.0,0.0,0.8571428571428571,
sw,3.0952380952380953,2.9473684210526314,6.909090909090909,
"F(W,G)",,,,3.902439024390244
SW,,,,197.0
GINI_index,,,,0.4588434358514979
