type_indicator,eval_type,3>=family_num>=2,family_num=1,family_num>3,all
least_misery,Fairness,0.0,0.0,0.0,0.0
variance,Fairness,58.65860969387755,54.439008264462814,49.44160000000001,56.8338775510204
jain'sfair,Fairness,0.31973091959085265,0.14211178993253304,0.09681293847697268,
min_max_ratio,Fairness,0.0,0.0,0.0,
sw,Satisfaction,241.7,106.6,66.8,415.1
"F(W,G)",Fairness,,,,-0.5797435897435896
GINI_index,Fairness,,,,0.4740927929832496
