type_indicator,eval_type,3>=family_num>=2,family_num=1,family_num>3,all
least_misery,Fairness,14.0,15.0,11.8,11.8
variance,Fairness,1.1295867768595047,0.5984,1.7543749999999991,1.4353993055555556
jain'sfair,Fairness,0.45633569752391384,0.2078249214272509,0.3307628770063661,
min_max_ratio,Fairness,0.7909604519774012,0.8823529411764706,0.7283950617283952,
sw,Satisfaction,176.70000000000002,78.2,120.19999999999999,375.09999999999997
"F(W,G)",Fairness,,,,0.47499999999999787
GINI_index,Fairness,,,,0.041377854794277136
