,large_house,middle_house,small_house
mean_house_area,10.82279411764706,16.070333333333334,27.693999999999996
