,large_house,middle_house,small_house,utility
least_misery,0.0,0.0,0.0,
variance,11.536332179930795,10.88888888888889,10.8,
jain'sfair,0.26147498710675604,0.23809523809523808,0.16626762436818301,
min_max_ratio,0.0,0.0,0.0,
sw,4.588235294117647,4.666666666666667,5.0,
"F(W,G)",,,,1.8970588235294121
SW,,,,198.0
GINI_index,,,,0.33958633958633955
