type_indicator,eval_type,3>=family_num>=2,family_num=1,family_num>3,all
least_misery,Fairness,10.8,14.0,11.8,10.8
variance,Fairness,2.9891555555555542,1.5166666666666668,0.9274999999999998,3.024735999999999
jain'sfair,Fairness,0.5927625493999372,0.23853229751888394,0.15917164387384872,
min_max_ratio,Fairness,0.6000000000000001,0.7777777777777778,0.8194444444444444,
sw,Satisfaction,234.70000000000002,94.2,53.400000000000006,382.29999999999995
"F(W,G)",Fairness,,,,-1.8952380952380938
GINI_index,Fairness,,,,0.0636149620716715
