type_indicator,eval_type,3>=family_num>=2,family_num=1,family_num>3,all
least_misery,Fairness,11.7,15.2,12.4,11.7
variance,Fairness,3.147654320987655,0.7200000000000006,1.058888888888888,2.574444444444445
jain'sfair,Fairness,0.4932014147542313,0.1662216948482152,0.3316001207610858,
min_max_ratio,Fairness,0.6882352941176471,0.8941176470588235,0.7948717948717949,
sw,Satisfaction,136.0,49.2,85.4,270.6
"F(W,G)",Fairness,,,,0.1753846153846208
GINI_index,Fairness,,,,0.06181736059784837
