type_indicator,eval_type,3>=family_num>=2,family_num=1,family_num>3,all
least_misery,Fairness,11.7,13.2,11.9,11.7
variance,Fairness,3.8931122448979596,1.680987654320988,1.9088888888888877,3.2084023668639055
jain'sfair,Fairness,0.5298985322195945,0.343745268106436,0.11423403078316101,
min_max_ratio,Fairness,0.6499999999999999,0.7333333333333333,0.7828947368421053,
sw,Satisfaction,217.29999999999998,139.4,41.3,398.0
"F(W,G)",Fairness,,,,-2.1885714285714286
GINI_index,Fairness,,,,0.06697912640123693
