type_indicator,eval_type,3>=family_num>=2,family_num=1,family_num>3,all
least_misery,Fairness,13.3,12.2,11.9,11.9
variance,Fairness,2.005955555555555,3.1068750000000005,2.6663999999999985,2.634948979591837
jain'sfair,Fairness,0.5312364824590435,0.2821240428546873,0.1762918806236373,
min_max_ratio,Fairness,0.7388888888888889,0.6777777777777777,0.7041420118343196,
sw,Satisfaction,231.39999999999998,125.0,71.8,428.20000000000005
"F(W,G)",Fairness,,,,-0.16060606060606375
GINI_index,Fairness,,,,0.06109461533328864
