type_indicator,eval_type,3>=family_num>=2,family_num=1,family_num>3,all
least_misery,Fairness,0.0,0.0,0.0,0.0
variance,Fairness,54.55226666666669,60.512396694214885,38.312400000000004,57.29818531334104
jain'sfair,Fairness,0.2137450624948228,0.13619091047271623,0.0565391770795546,
min_max_ratio,Fairness,0.0,0.0,0.0,
sw,Satisfaction,167.4,112.0,39.4,318.8
"F(W,G)",Fairness,,,,1.0063414634146337
GINI_index,Fairness,,,,0.6165891701724604
