type_indicator,eval_type,3>=family_num>=2,family_num=1,family_num>3,all
least_misery,Fairness,14.2,13.6,15.7,13.6
variance,Fairness,1.227397959183674,1.142040816326531,0.22250000000000036,1.1581440000000003
jain'sfair,Fairness,0.5573677919136492,0.27865315651399547,0.1598636250454902,
min_max_ratio,Fairness,0.7888888888888889,0.7999999999999999,0.9345238095238094,
sw,Satisfaction,225.69999999999996,107.6,64.6,397.9
"F(W,G)",Fairness,,,,0.20000000000000462
GINI_index,Fairness,,,,0.0395074139230962
