,default,utility
least_misery,6.0,
variance,0.14814814814814814,
jain'sfair,0.9969856819894499,
min_max_ratio,0.75,
sw,7.0,
"F(W,G)",,-0.31764705882352917
SW,,189.0
GINI_index,,0.02077209484616893
