type_indicator,eval_type,3>=family_num>=2,family_num=1,family_num>3,all
least_misery,Fairness,13.4,13.0,11.8,11.8
variance,Fairness,1.8755555555555556,3.04,2.8899999999999975,2.6640443213296394
jain'sfair,Fairness,0.6266445769793204,0.25991114149008887,0.10362002012701627,
min_max_ratio,Fairness,0.7613636363636364,0.7222222222222222,0.7763157894736843,
sw,Satisfaction,185.2,78.0,27.0,290.20000000000005
"F(W,G)",Fairness,,,,-0.8384615384615373
GINI_index,Fairness,,,,0.06264282346113403
