type_indicator,eval_type,3>=family_num>=2,family_num=1,family_num>3,all
least_misery,Fairness,9.6,15.0,13.9,9.6
variance,Fairness,5.34248888888889,0.888888888888889,1.0280555555555557,3.921728395061729
jain'sfair,Fairness,0.5424778748545834,0.22151337940811625,0.2212137091291281,
min_max_ratio,Fairness,0.5333333333333333,0.8333333333333334,0.8273809523809523,
sw,Satisfaction,223.29999999999998,100.0,90.10000000000001,413.3999999999999
"F(W,G)",Fairness,,,,-0.6785714285714253
GINI_index,Fairness,,,,0.06971993764446605
