type_indicator,eval_type,3>=family_num>=2,family_num=1,family_num>3,all
least_misery,Fairness,0.0,0.0,0.0,0.0
variance,Fairness,61.2644888888889,59.9087603305785,38.634499999999996,57.977485582468304
jain'sfair,Fairness,0.2535777282267896,0.09731812778409164,0.054368418523665904,
min_max_ratio,Fairness,0.0,0.0,0.0,
sw,Satisfaction,204.39999999999998,77.2,38.5,320.1
"F(W,G)",Fairness,,,,-3.5780487804878054
GINI_index,Fairness,,,,0.615028391862837
