type_indicator,eval_type,3>=family_num>=2,family_num=1,family_num>3,all
least_misery,Fairness,0.0,0.0,0.0,0.0
variance,Fairness,61.63022222222222,63.77272727272727,54.68399999999999,62.13640138408303
jain'sfair,Fairness,0.290960382031748,0.1366454378538669,0.0967734788730911,
min_max_ratio,Fairness,0.0,0.0,0.0,
sw,Satisfaction,233.0,115.5,73.0,421.5
"F(W,G)",Fairness,,,,-0.5531707317073167
GINI_index,Fairness,,,,0.5013374270230038
