type_indicator,eval_type,3>=family_num>=2,family_num=1,family_num>3,all
least_misery,Fairness,10.1,15.0,11.3,10.1
variance,Fairness,3.693469387755102,1.1755102040816323,1.582448979591836,3.2616836734693875
jain'sfair,Fairness,0.4919550285294655,0.24892705141808036,0.24803766548498066,
min_max_ratio,Fairness,0.5771428571428571,0.8333333333333334,0.743421052631579,
sw,Satisfaction,210.39999999999995,115.6,99.00000000000001,425.0
"F(W,G)",Fairness,,,,-0.6303030303030273
GINI_index,Fairness,,,,0.06494957983193284
