type_indicator,eval_type,3>=family_num>=2,family_num=1,family_num>3,all
least_misery,Fairness,13.0,14.5,10.0,10.0
variance,Fairness,1.5148437499999998,0.921875,3.9963265306122433,4.160109739368997
jain'sfair,Fairness,0.5891012164177869,0.14759084511698642,0.2529214640300507,
min_max_ratio,Fairness,0.7344632768361582,0.8529411764705882,0.6578947368421053,
sw,Satisfaction,255.8,62.5,88.4,406.7
"F(W,G)",Fairness,,,,-2.8018181818181827
GINI_index,Fairness,,,,0.07314518846360507
