type_indicator,eval_type,3>=family_num>=2,family_num=1,family_num>3,all
least_misery,Fairness,12.6,15.0,16.6,12.6
variance,Fairness,1.8264000000000002,1.5555555555555554,0.0,1.9657142857142862
jain'sfair,Fairness,0.7086393433094953,0.21304347826086956,0.07142857142857142,
min_max_ratio,Fairness,0.7411764705882353,0.8333333333333334,1.0,
sw,Satisfaction,151.39999999999998,49.0,16.6,216.99999999999997
"F(W,G)",Fairness,,,,-0.6299999999999972
GINI_index,Fairness,,,,0.054904542462146044
