type_indicator,eval_type,3>=family_num>=2,family_num=1,family_num>3,all
least_misery,Fairness,13.1,15.0,11.8,11.8
variance,Fairness,1.6231250000000002,0.9555555555555554,0.7999999999999994,2.663136094674556
jain'sfair,Fairness,0.611519466945874,0.22995883967071734,0.15312131919905772,
min_max_ratio,Fairness,0.7277777777777777,0.8333333333333334,0.8309859154929579,
sw,Satisfaction,256.4,98.8,52.0,407.2
"F(W,G)",Fairness,,,,1.5884057971014496
GINI_index,Fairness,,,,0.05916578509898762
