type_indicator,eval_type,3>=family_num>=2,family_num=1,family_num>3,all
least_misery,Fairness,11.8,14.0,12.6,11.8
variance,Fairness,3.4182222222222216,1.3823437500000004,2.1695999999999995,2.866428571428571
jain'sfair,Fairness,0.5279376273780436,0.2842056781077794,0.17680111962901846,
min_max_ratio,Fairness,0.6555555555555556,0.7777777777777778,0.7777777777777778,
sw,Satisfaction,228.5,129.1,73.60000000000001,431.19999999999993
"F(W,G)",Fairness,,,,-0.9333333333333318
GINI_index,Fairness,,,,0.06240060959448712
