type_indicator,eval_type,3>=family_num>=2,family_num=1,family_num>3,all
least_misery,Fairness,12.0,13.0,10.4,10.4
variance,Fairness,3.008826530612244,2.693877551020408,3.2095999999999996,3.7713017751479287
jain'sfair,Fairness,0.5312410544382353,0.26637696199247635,0.1888189754198504,
min_max_ratio,Fairness,0.6857142857142857,0.7222222222222222,0.6624203821656052,
sw,Satisfaction,208.3,111.0,65.9,385.2
"F(W,G)",Fairness,,,,-0.2165413533834588
GINI_index,Fairness,,,,0.07564501957025316
