type_indicator,eval_type,3>=family_num>=2,family_num=1,family_num>3,all
least_misery,Fairness,10.8,14.5,13.4,10.8
variance,Fairness,3.9291666666666667,1.839591836734694,0.9288888888888879,3.0068159999999993
jain'sfair,Fairness,0.47137046159946927,0.2779916336636421,0.2389394900418623,
min_max_ratio,Fairness,0.6000000000000001,0.8055555555555556,0.8271604938271605,
sw,Satisfaction,175.8,111.7,86.80000000000001,374.3
"F(W,G)",Fairness,,,,-0.591666666666665
GINI_index,Fairness,,,,0.06497461928934034
