type_indicator,eval_type,3>=family_num>=2,family_num=1,family_num>3,all
least_misery,Fairness,10.8,15.0,12.6,10.8
variance,Fairness,2.8699408284023673,1.1388888888888893,1.5423437499999997,2.472208504801097
jain'sfair,Fairness,0.4758750248667885,0.2212814038295439,0.29418578919517013,
min_max_ratio,Fairness,0.6136363636363636,0.8333333333333334,0.7455621301775148,
sw,Satisfaction,202.89999999999998,98.2,117.30000000000001,418.3999999999999
"F(W,G)",Fairness,,,,0.4547619047619058
GINI_index,Fairness,,,,0.056157495928050194
