type_indicator,eval_type,3>=family_num>=2,family_num=1,family_num>3,all
least_misery,Fairness,12.2,15.0,10.2,10.2
variance,Fairness,1.7728888888888892,1.2600000000000002,2.9625000000000004,3.168915816326531
jain'sfair,Fairness,0.5318561938574611,0.17777777777777778,0.28130637751780835,
min_max_ratio,Fairness,0.6971428571428571,0.8333333333333334,0.6496815286624203,
sw,Satisfaction,234.49999999999997,84.0,110.0,428.5
"F(W,G)",Fairness,,,,0.6306666666666665
GINI_index,Fairness,,,,0.06388564760793458
