type_indicator,eval_type,3>=family_num>=2,family_num=1,family_num>3,all
least_misery,Fairness,9.8,12.5,11.8,9.8
variance,Fairness,4.383950617283951,1.5088888888888885,2.7274999999999974,3.6218359374999993
jain'sfair,Fairness,0.5519952762763047,0.18611381044929692,0.24673196740953748,
min_max_ratio,Fairness,0.5568181818181818,0.8223684210526316,0.7195121951219513,
sw,Satisfaction,136.6,42.7,57.4,236.7
"F(W,G)",Fairness,,,,-0.9916666666666671
GINI_index,Fairness,,,,0.06973489649345177
