type_indicator,eval_type,3>=family_num>=2,family_num=1,family_num>3,all
least_misery,Fairness,11.0,16.0,13.7,11.0
variance,Fairness,4.6408984375,0.22222222222222224,0.957599999999999,3.696927083333333
jain'sfair,Fairness,0.6522080679095461,0.12489596337910945,0.20739135361776867,
min_max_ratio,Fairness,0.6111111111111112,0.9411764705882353,0.8353658536585367,
sw,Satisfaction,231.5,49.0,72.6,353.09999999999997
"F(W,G)",Fairness,,,,1.8749999999999982
GINI_index,Fairness,,,,0.07527376569432631
