type_indicator,eval_type,3>=family_num>=2,family_num=1,family_num>3,all
least_misery,Fairness,11.5,15.0,7.4,7.4
variance,Fairness,3.650100000000001,0.5744000000000001,14.906666666666665,5.7528395061728395
jain'sfair,Fairness,0.5469485627187356,0.2771512294048401,0.15276741757422055,
min_max_ratio,Fairness,0.6388888888888888,0.8823529411764706,0.45679012345679015,
sw,Satisfaction,152.3,79.7,38.400000000000006,270.4
"F(W,G)",Fairness,,,,-0.42666666666666764
GINI_index,Fairness,,,,0.08074457593688356
