type_indicator,eval_type,3>=family_num>=2,family_num=1,family_num>3,all
least_misery,Fairness,0.0,0.0,0.0,0.0
variance,Fairness,50.0742222222222,44.45289256198347,34.624399999999994,46.08286812764321
jain'sfair,Fairness,0.15503755255791296,0.058610933948224815,0.03917036908134799,
min_max_ratio,Fairness,0.0,0.0,0.0,
sw,Satisfaction,127.0,44.8,29.4,201.2
"F(W,G)",Fairness,,,,-4.907317073170732
GINI_index,Fairness,,,,0.758780649436713
