type_indicator,eval_type,3>=family_num>=2,family_num=1,family_num>3,all
least_misery,Fairness,13.4,15.0,14.6,13.4
variance,Fairness,1.6828999999999996,1.0399999999999998,1.322499999999999,1.61356401384083
jain'sfair,Fairness,0.58425141899955,0.2930117817191953,0.1170231711185988,
min_max_ratio,Fairness,0.7657142857142857,0.8333333333333334,0.8639053254437871,
sw,Satisfaction,157.1,83.0,31.5,271.6
"F(W,G)",Fairness,,,,1.0442307692307686
GINI_index,Fairness,,,,0.04747465996707989
