type_indicator,eval_type,3>=family_num>=2,family_num=1,family_num>3,all
least_misery,Fairness,0.0,0.0,0.0,0.0
variance,Fairness,62.165833333333346,56.41322314049587,46.606399999999994,61.65395617070356
jain'sfair,Fairness,0.3498018674765415,0.07770365878310087,0.07819259798862783,
min_max_ratio,Fairness,0.0,0.0,0.0,
sw,Satisfaction,286.5,62.0,55.599999999999994,404.1
"F(W,G)",Fairness,,,,-4.333170731707318
GINI_index,Fairness,,,,0.5195180769660006
