type_indicator,eval_type,3>=family_num>=2,family_num=1,family_num>3,all
least_misery,Fairness,0.0,0.0,0.0,0.0
variance,Fairness,56.508222222222216,63.46776859504133,50.81849999999999,57.6083967704729
jain'sfair,Fairness,0.2131463663559745,0.09750614630230821,0.05852633014940354,
min_max_ratio,Fairness,0.0,0.0,0.0,
sw,Satisfaction,170.0,79.6,46.5,296.1
"F(W,G)",Fairness,,,,-2.196585365853659
GINI_index,Fairness,,,,0.6468932726755003
