type_indicator,eval_type,3>=family_num>=2,family_num=1,family_num>3,all
least_misery,Fairness,11.8,15.0,11.8,11.8
variance,Fairness,2.939591836734693,1.48,1.2355555555555553,3.4154559999999994
jain'sfair,Fairness,0.5529119405555694,0.31825935148346546,0.11911104005116317,
min_max_ratio,Fairness,0.6555555555555556,0.8333333333333334,0.8194444444444444,
sw,Satisfaction,212.0,131.6,38.6,382.19999999999993
"F(W,G)",Fairness,,,,-0.934999999999997
GINI_index,Fairness,,,,0.06989010989010991
