type_indicator,eval_type,3>=family_num>=2,family_num=1,family_num>3,all
least_misery,Fairness,9.4,12.0,7.4,7.4
variance,Fairness,4.900055401662049,3.02530612244898,5.564081632653062,6.295041322314049
jain'sfair,Fairness,0.5639048412201135,0.20956311480445328,0.20457975401746398,
min_max_ratio,Fairness,0.5222222222222223,0.6666666666666666,0.4774193548387097,
sw,Satisfaction,290.1,110.2,86.0,486.29999999999995
"F(W,G)",Fairness,,,,-3.2192307692307693
GINI_index,Fairness,,,,0.09305890490344526
