type_indicator,eval_type,3>=family_num>=2,family_num=1,family_num>3,all
least_misery,Fairness,13.2,14.0,14.2,13.2
variance,Fairness,1.4228402366863901,0.796734693877551,1.1074999999999986,1.1915104166666661
jain'sfair,Fairness,0.5384007434233332,0.2906972817493425,0.1658869457469128,
min_max_ratio,Fairness,0.7586206896551725,0.8235294117647058,0.8658536585365854,
sw,Satisfaction,199.10000000000002,108.2,61.4,368.70000000000005
"F(W,G)",Fairness,,,,-0.16499999999999737
GINI_index,Fairness,,,,0.041757074405569194
