,default,utility
least_misery,0.0,
variance,12.286043829296423,
jain'sfair,0.5278159492885323,
min_max_ratio,0.0,
sw,3.7058823529411766,
"F(W,G)",,3.848780487804878
SW,,189.0
GINI_index,,0.4809627554725594
