type_indicator,eval_type,3>=family_num>=2,family_num=1,family_num>3,all
least_misery,Fairness,9.8,14.0,11.9,9.8
variance,Fairness,5.025259515570934,1.9477551020408164,2.611874999999998,4.454630102040815
jain'sfair,Fairness,0.5925921176130174,0.24811893146477373,0.1410861970474914,
min_max_ratio,Fairness,0.5444444444444445,0.7777777777777778,0.7256097560975611,
sw,Satisfaction,243.2,112.2,57.7,413.1
"F(W,G)",Fairness,,,,-0.9417391304347849
GINI_index,Fairness,,,,0.08105093889407622
