type_indicator,eval_type,3>=family_num>=2,family_num=1,family_num>3,all
least_misery,Fairness,14.4,15.0,14.2,14.2
variance,Fairness,1.2971555555555554,0.8791666666666668,0.5535999999999998,1.2607692307692309
jain'sfair,Fairness,0.5740551052274203,0.23002190732055858,0.19184313557000846,
min_max_ratio,Fairness,0.8,0.8333333333333334,0.8765432098765432,
sw,Satisfaction,241.7,98.7,75.60000000000001,415.99999999999994
"F(W,G)",Fairness,,,,0.24761904761904674
GINI_index,Fairness,,,,0.04147559171597626
