,default,utility
least_misery,0.0,
variance,11.92233756247597,
jain'sfair,0.5482620983014306,
min_max_ratio,0.0,
sw,3.803921568627451,
"F(W,G)",,-1.373170731707317
SW,,194.0
GINI_index,,0.4562361026884981
