type_indicator,eval_type,3>=family_num>=2,family_num=1,family_num>3,all
least_misery,Fairness,0.0,0.0,0.0,0.0
variance,Fairness,57.971581632653056,56.99504132231405,53.3001,57.59063723448563
jain'sfair,Fairness,0.32473836564913516,0.14127105869428494,0.09962719831587628,
min_max_ratio,Fairness,0.0,0.0,0.0,
sw,Satisfaction,244.6,108.2,71.3,424.09999999999997
"F(W,G)",Fairness,,,,-1.7025641025641027
GINI_index,Fairness,,,,0.46056715541675297
