type_indicator,eval_type,3>=family_num>=2,family_num=1,family_num>3,all
least_misery,Fairness,14.1,13.2,11.8,11.8
variance,Fairness,0.7996428571428575,2.600000000000001,2.2955102040816304,1.8629903978052127
jain'sfair,Fairness,0.5167873038217176,0.2200422577724117,0.25652886527467056,
min_max_ratio,Fairness,0.8011363636363635,0.7333333333333333,0.7195121951219513,
sw,Satisfaction,216.3,97.2,102.79999999999998,416.29999999999995
"F(W,G)",Fairness,,,,-1.2583333333333364
GINI_index,Fairness,,,,0.050213076396117384
