type_indicator,eval_type,3>=family_num>=2,family_num=1,family_num>3,all
least_misery,Fairness,0.0,0.0,0.0,0.0
variance,Fairness,58.44355555555554,54.7495867768595,35.13640000000001,60.08251441753171
jain'sfair,Fairness,0.2710352649782202,0.1560094860213066,0.058387764730962334,
min_max_ratio,Fairness,0.0,0.0,0.0,
sw,Satisfaction,212.0,131.6,38.6,382.2
"F(W,G)",Fairness,,,,-0.27878048780487763
GINI_index,Fairness,,,,0.5434584090046275
