type_indicator,eval_type,3>=family_num>=2,family_num=1,family_num>3,all
least_misery,Fairness,9.8,13.8,11.9,9.8
variance,Fairness,5.515363321799307,1.8055555555555554,1.254399999999999,4.3621811224489795
jain'sfair,Fairness,0.5925043733427767,0.21277872370417356,0.1774261054778291,
min_max_ratio,Fairness,0.5444444444444445,0.7666666666666667,0.7828947368421053,
sw,Satisfaction,254.0,95.8,69.7,419.50000000000006
"F(W,G)",Fairness,,,,-0.5869565217391326
GINI_index,Fairness,,,,0.07731142516601386
