type_indicator,eval_type,family_num=1,family_num=2,family_num>2,all
sw,Satisfaction,6.0,0.0,0.0,0.0
least_misery,Fairness,0.18181818181818182,11.944598337950135,12.42630385487528,12.314494425221072
variance,Fairness,0.21488891305135732,0.1568627450980392,0.1761265909872721,
jain'sfair,Fairness,0.75,0.0,0.0,
min_max_ratio,Fairness,77.0,56.0,64.0,65.66666666666667
"F(W,G)",Fairness,,,,-1.3219512195121954
GINI_index,Fairness,,,,0.4588434358514979
