type_indicator,eval_type,3>=family_num>=2,family_num=1,family_num>3,all
least_misery,Fairness,11.2,14.0,11.0,11.0
variance,Fairness,2.462629757785468,1.052222222222223,1.6050000000000002,3.1616735253772297
jain'sfair,Fairness,0.623089811722713,0.22122348725136426,0.14659297775161606,
min_max_ratio,Fairness,0.6222222222222222,0.8187134502923976,0.7638888888888888,
sw,Satisfaction,260.4,91.6,49.2,401.19999999999993
"F(W,G)",Fairness,,,,-1.8399999999999999
GINI_index,Fairness,,,,0.06667035929249288
