type_indicator,eval_type,3>=family_num>=2,family_num=1,family_num>3,all
least_misery,Fairness,14.5,15.0,15.4,14.5
variance,Fairness,0.6024999999999998,0.6875,0.2499999999999991,0.6383999999999997
jain'sfair,Fairness,0.3990184298951227,0.39896128423040605,0.19980241839879867,
min_max_ratio,Fairness,0.8787878787878788,0.8823529411764706,0.9390243902439025,
sw,Satisfaction,62.6,65.0,31.799999999999997,159.4
"F(W,G)",Fairness,,,,1.1777777777777771
GINI_index,Fairness,,,,0.037452948557088916
