type_indicator,eval_type,3>=family_num>=2,family_num=1,family_num>3,all
least_misery,Fairness,11.6,13.5,14.4,11.6
variance,Fairness,4.16198347107438,1.6000000000000003,0.6488888888888883,3.0004999999999997
jain'sfair,Fairness,0.539842514602898,0.2980652182675642,0.149572449338175,
min_max_ratio,Fairness,0.6666666666666667,0.7941176470588235,0.888888888888889,
sw,Satisfaction,163.6,94.2,45.2,303.0
"F(W,G)",Fairness,,,,-0.19047619047619158
GINI_index,Fairness,,,,0.06600660066006592
