type_indicator,eval_type,3>=family_num>=2,family_num=1,family_num>3,all
least_misery,Fairness,12.0,14.0,12.9,12.0
variance,Fairness,3.896528925619835,1.64,3.062499999999997,3.3498765432098767
jain'sfair,Fairness,0.6013915894431827,0.2760313504994356,0.10954794517051905,
min_max_ratio,Fairness,0.6666666666666666,0.7777777777777778,0.7865853658536587,
sw,Satisfaction,170.79999999999998,80.5,29.299999999999997,280.6
"F(W,G)",Fairness,,,,1.4928571428571438
GINI_index,Fairness,,,,0.06719727567910039
