type_indicator,eval_type,3>=family_num>=2,family_num=1,family_num>3,all
least_misery,Fairness,12.0,14.5,12.3,12.0
variance,Fairness,3.924000000000001,2.388888888888889,1.322499999999999,3.6284
jain'sfair,Fairness,0.49142947004245957,0.2971682581494896,0.19854849773631494,
min_max_ratio,Fairness,0.6666666666666666,0.8055555555555556,0.8424657534246576,
sw,Satisfaction,75.0,47.5,26.9,149.4
"F(W,G)",Fairness,,,,-0.34285714285714164
GINI_index,Fairness,,,,0.07817938420348058
