type_indicator,eval_type,3>=family_num>=2,family_num=1,family_num>3,all
least_misery,Fairness,0.0,0.0,0.0,0.0
variance,Fairness,60.357599999999984,61.64628099173554,36.965599999999995,60.57765474817377
jain'sfair,Fairness,0.30926561871703967,0.13632889565236633,0.055495847433197264,
min_max_ratio,Fairness,0.0,0.0,0.0,
sw,Satisfaction,245.39999999999998,113.2,38.199999999999996,396.79999999999995
"F(W,G)",Fairness,,,,-3.5456097560975612
GINI_index,Fairness,,,,0.5289373814041747
