type_indicator,eval_type,3>=family_num>=2,family_num=1,family_num>3,all
least_misery,Fairness,13.0,11.5,9.3,9.3
variance,Fairness,1.5977734375000001,3.6666666666666665,5.981874999999999,3.7209467455621303
jain'sfair,Fairness,0.6114617653755331,0.22670424519992952,0.14875838437404643,
min_max_ratio,Fairness,0.7428571428571429,0.6764705882352942,0.5886075949367089,
sw,Satisfaction,252.5,85.8,52.89999999999999,391.2
"F(W,G)",Fairness,,,,-3.127272727272725
GINI_index,Fairness,,,,0.0700703948403334
