type_indicator,eval_type,3>=family_num>=2,family_num=1,family_num>3,all
least_misery,Fairness,13.4,15.0,14.6,13.4
variance,Fairness,1.6797222222222221,0.521388888888889,0.9266666666666659,1.24312925170068
jain'sfair,Fairness,0.5676490735948918,0.2851323519518034,0.14233541710847578,
min_max_ratio,Fairness,0.7570621468926554,0.8823529411764706,0.8639053254437871,
sw,Satisfaction,190.6,95.9,47.699999999999996,334.2
"F(W,G)",Fairness,,,,0.8470588235294123
GINI_index,Fairness,,,,0.04115015246074483
